iBike,13,metric
2017,10,2,10,54,14
,<-Weight (kg) Energy (kJ),Aero,Fric,dt,Ref Elev (m),Climbing (m),Wheel Circ (mm),Ref Temper (degC),Ref Press (mbar),Internal,Wind Scaling,Riding Tilt (%),Cal Weight (kg),Internal,Cm,CdA (m^2),Crr,Note,UTC Time Zone Offset,Creator,Ride Duration,Ride Distance (km),Calories Burned (kcal),Trainer Ride,Device
76.203518,106.000000,0.375000,2.468199,1.000000,0.000000,119.786400,2105.0,14.85,1013.25,-8,1.05932,0.20,73.9,0.000,1.0204,0.35400,0.005403,,5.50,"iBike Newton, 6.22",0:14:06,3.61,102.6,FALSE,iBike Newton
Speed (km/hr),Wind Speed (km/hr),Power (W),Distance (km),Cadence (RPM),Heartrate (BPM),Elevation (meters),Hill slope (%),Temperature (degC),Lap Marker,Annotation,DFPM Power,Latitude,Longitude,Timestamp,Moving Time,CdA (m^2),Air Dens (kg/m^3)
6.4374,0,78.7677,0.0018,0.001,0,520.5984,0.4,34.4444,1,,0,0,0,2017-10-02T05:24:14Z,0,0.354,1.0784
0,0,41,0.0018,0.001,0,520.5984,1.4,34.4444,,,0,0,0,2017-10-02T05:24:15Z,1,0.354,1.0784
7.5639,0,38,0.0039,31,0,520.9032,-0.6,35,,,0,0,0,2017-10-02T05:24:20Z,2,0.354,1.0765
7.5639,0,33,0.006,31,0,520.9032,-0.1,35,,,0,0,0,2017-10-02T05:24:21Z,3,0.354,1.0765
7.7249,0,0,0.0081,0,0,520.5984,0.1,35,,,0,0,0,2017-10-02T05:24:22Z,4,0.354,1.0765
8.5295,0,0,0.0105,0,0,520.2936,0.8,35,,,0,0,0,2017-10-02T05:24:23Z,5,0.354,1.0765
8.5295,0,0,0.0129,33,0,520.2936,1.2,35,,,0,0,0,2017-10-02T05:24:24Z,6,0.354,1.0765
8.3686,0,0,0.0152,33,0,520.2936,1,35,,,0,0,0,2017-10-02T05:24:25Z,7,0.354,1.0765
9.0123,0,0,0.0177,0,0,520.2936,0.6,35,,,0,0,0,2017-10-02T05:24:26Z,8,0.354,1.0764
9.1733,0,0,0.0203,0,0,519.9888,-0.4,35,,,0,0,0,2017-10-02T05:24:27Z,9,0.354,1.0764
8.6905,0,0,0.0227,0,0,519.9888,-1.5,35,,,0,0,0,2017-10-02T05:24:28Z,10,0.354,1.0764
7.7249,0,0,0.0248,0,0,519.9888,-3.1,35,,,0,0,0,2017-10-02T05:24:29Z,11,0.354,1.0764
7.0811,0,0,0.0268,0,0,519.9888,-4.4,35,,,0,0,0,2017-10-02T05:24:30Z,12,0.354,1.0764
6.7592,0,0,0.0287,0,0,519.684,-4.8,35,,,0,0,0,2017-10-02T05:24:31Z,13,0.354,1.0765
6.4374,0,0,0.0304,0,0,519.684,-5.2,35,,,0,0,0,2017-10-02T05:24:32Z,14,0.354,1.0765
6.5983,0,0,0.0323,0,0,519.684,-5.5,35,,,0,0,0,2017-10-02T05:24:33Z,15,0.354,1.0765
7.0811,0,0,0.0342,0,0,519.9888,-5.8,35,,,0,0,0,2017-10-02T05:24:34Z,16,0.354,1.0765
6.9202,0,0,0.0362,0,0,520.2936,-6.2,35,,,0,0,0,2017-10-02T05:24:35Z,17,0.354,1.0765
6.2764,0,0,0.0379,0,0,520.2936,-7,35,,,0,0,0,2017-10-02T05:24:36Z,18,0.354,1.0765
5.7936,0,0,0.0395,0,133,520.2936,-6.9,35,,,0,0,0,2017-10-02T05:24:37Z,19,0.354,1.0765
0,0,0,0.0395,0.001,133,520.2936,-5.9,35,,,0,0,0,2017-10-02T05:24:38Z,20,0.354,1.0765
5.4718,7.3258,0,0.041,0.001,134,520.5984,-1.6,35,,,0,0,0,2017-10-02T05:24:42Z,21,0.354,1.0765
6.2764,9.6911,140.3572,0.0428,0.001,135,520.5984,-2.1,35,,,0,0,0,2017-10-02T05:24:43Z,22,0.354,1.0765
6.5983,14.1863,110.6005,0.0446,0.001,136,520.5984,-2.1,35,,,0,0,0,2017-10-02T05:24:44Z,23,0.354,1.0765
6.5983,14.1866,56.4425,0.0464,0.001,137,520.5984,-1.1,35,,,0,0,0,2017-10-02T05:24:45Z,24,0.354,1.0765
6.5983,16.7861,0,0.0483,0,136,520.2936,0.9,35,,,0,0,0,2017-10-02T05:24:46Z,25,0.354,1.0765
6.5983,17.1811,0,0.0501,0,136,520.2936,2.9,35,,,0,0,0,2017-10-02T05:24:47Z,26,0.354,1.0765
7.5639,11.5835,119,0.0522,33,135,519.9888,3.9,35,,,0,0,0,2017-10-02T05:24:48Z,27,0.354,1.0765
8.5295,9.6915,55,0.0546,33,135,519.9888,4,35,,,0,0,0,2017-10-02T05:24:49Z,28,0.354,1.0765
8.8514,5.1804,45,0.057,36,135,519.9888,3.2,35,,,0,0,0,2017-10-02T05:24:50Z,29,0.354,1.0764
9.1733,13.7061,0,0.0596,36,136,519.9888,1.6,35,,,0,0,0,2017-10-02T05:24:51Z,30,0.354,1.0764
9.817,14.6524,0,0.0623,36,136,519.9888,-0.1,35,,,0,0,0,2017-10-02T05:24:52Z,31,0.354,1.0764
10.1389,11.5837,43,0.0651,31,136,519.684,-0.8,35,,,0,0,0,2017-10-02T05:24:53Z,32,0.354,1.0764
10.9435,12.6891,0,0.0682,0,137,519.0744,-1.4,35,,,0,0,0,2017-10-02T05:24:54Z,33,0.354,1.0765
11.9091,13.7058,0,0.0715,0,136,518.4648,-1.5,35,,,0,0,0,2017-10-02T05:24:55Z,34,0.354,1.0765
12.231,15.1028,0,0.0749,32,136,517.8552,-1.3,35,,,0,0,0,2017-10-02T05:24:56Z,35,0.354,1.0765
13.0357,16.3813,0,0.0785,32,135,517.2456,-1.7,35,,,0,0,0,2017-10-02T05:24:57Z,36,0.354,1.0765
13.8404,20.0629,0,0.0823,32,134,516.636,-2.2,35,,,0,0,0,2017-10-02T05:24:58Z,37,0.354,1.0765
14.9669,22.8752,0,0.0865,32,133,515.7216,-3.1,35,,,0,0,0,2017-10-02T05:24:59Z,38,0.354,1.0765
15.4497,23.4544,0,0.0908,0,132,515.112,-4.3,35,,,0,0,0,2017-10-02T05:25:00Z,39,0.354,1.0765
16.4153,25.9006,0,0.0954,0,132,514.5024,-5.6,35,,,0,0,0,2017-10-02T05:25:01Z,40,0.354,1.0765
17.5418,25.1106,0,0.1002,0,132,513.8928,-7.1,35,,,0,0,0,2017-10-02T05:25:02Z,41,0.354,1.0766
19.634,29.0712,0,0.1057,0,132,512.9784,-8.6,35,,,0,0,0,2017-10-02T05:25:03Z,42,0.354,1.0767
20.7605,28.1322,0,0.1114,0,132,512.064,-9.8,35,,,0,0,0,2017-10-02T05:25:04Z,43,0.354,1.0768
21.5652,29.0691,0,0.1174,0,131,511.1496,-11.2,35,,,0,0,0,2017-10-02T05:25:05Z,44,0.354,1.0769
22.5308,29.7521,0,0.1237,0,130,510.54,-12,35,,,0,0,0,2017-10-02T05:25:06Z,45,0.354,1.0769
22.8527,30.1978,0,0.13,0,129,509.6256,-12.3,35,,,0,0,0,2017-10-02T05:25:07Z,46,0.354,1.077
22.8527,25.8935,0,0.1364,0,127,508.7112,-12.1,35,,,0,0,0,2017-10-02T05:25:08Z,47,0.354,1.0771
23.8183,29.7483,0,0.143,0,126,507.7968,-12,35,,,0,0,0,2017-10-02T05:25:09Z,48,0.354,1.0772
23.9792,27.6447,0,0.1497,0,126,506.8824,-12.2,35,,,0,0,0,2017-10-02T05:25:10Z,49,0.354,1.0773
23.9792,25.63,0,0.1563,0,125,505.968,-12.3,35,,,0,0,0,2017-10-02T05:25:11Z,50,0.354,1.0774
24.462,24.8316,0,0.1631,0,124,505.0536,-13.1,35,,,0,0,0,2017-10-02T05:25:12Z,51,0.354,1.0775
24.462,23.442,0,0.1699,0,123,504.1392,-13.2,35,,,0,0,0,2017-10-02T05:25:13Z,52,0.354,1.0776
23.9792,21.9653,0,0.1766,0,123,503.2248,-13.2,35,,,0,0,0,2017-10-02T05:25:14Z,53,0.354,1.0777
23.4964,24.0047,0,0.1831,0,123,502.0056,-13.6,35,,,0,0,0,2017-10-02T05:25:15Z,54,0.354,1.0778
23.0136,24.0034,0,0.1895,0,123,500.7864,-14.2,35,,,0,0,0,2017-10-02T05:25:16Z,55,0.354,1.078
23.0136,25.3592,0,0.1959,0,122,499.5672,-14.7,35,,,0,0,0,2017-10-02T05:25:17Z,56,0.354,1.0781
23.6574,24.0008,0,0.2025,0,122,498.0432,-14.6,35,,,0,0,0,2017-10-02T05:25:18Z,57,0.354,1.0782
25.1058,23.4347,0,0.2094,0,122,496.5192,-14.8,35,,,0,0,0,2017-10-02T05:25:19Z,58,0.354,1.0783
25.2667,23.4334,0,0.2165,0,119,494.9952,-14.6,35,,,0,0,0,2017-10-02T05:25:20Z,59,0.354,1.0784
25.2667,24.5486,0,0.2235,0,117,493.4712,-15.1,35,,,0,0,0,2017-10-02T05:25:21Z,60,0.354,1.0785
24.9448,24.2729,0,0.2304,0,116,492.252,-15.5,35,,,0,0,0,2017-10-02T05:25:22Z,61,0.354,1.0787
26.5542,28.8111,0,0.2378,0,113,491.3376,-15.3,35,,,0,0,0,2017-10-02T05:25:23Z,62,0.354,1.0788
30.2557,33.3328,0,0.2462,0,112,490.728,-15.6,35,,,0,0,0,2017-10-02T05:25:24Z,63,0.354,1.079
32.6697,36.2171,0,0.2553,0,112,490.1184,-15.8,35,,,0,0,0,2017-10-02T05:25:25Z,64,0.354,1.0791
34.6009,34.7042,0,0.2649,0,112,489.5088,-16.3,35,,,0,0,0,2017-10-02T05:25:26Z,65,0.354,1.0793
35.5665,32.7164,0,0.2748,0,111,488.5944,-16.6,35,,,0,0,0,2017-10-02T05:25:27Z,66,0.354,1.0795
35.8884,32.9173,0,0.2847,0,111,487.68,-16.6,35,,,0,0,0,2017-10-02T05:25:28Z,67,0.354,1.0797
34.1181,29.7107,0,0.2942,0,110,486.7656,-15.6,35,,,0,0,0,2017-10-02T05:25:29Z,68,0.354,1.0799
31.2213,24.2569,0,0.3029,0,108,486.156,-15.3,35,,,0,0,0,2017-10-02T05:25:30Z,69,0.354,1.0801
28.0026,21.3219,0,0.3106,0,107,485.2416,-14.8,35,,,0,0,0,2017-10-02T05:25:31Z,70,0.354,1.0802
25.7495,18.6448,0,0.3178,0,106,484.632,-13.7,35,,,0,0,0,2017-10-02T05:25:32Z,71,0.354,1.0803
25.4276,18.282,0,0.3249,0,106,483.7176,-12.5,35,,,0,0,0,2017-10-02T05:25:33Z,72,0.354,1.0804
26.876,20.0262,0,0.3323,0,106,482.8032,-10.5,35,,,0,0,0,2017-10-02T05:25:34Z,73,0.354,1.0804
28.6463,23.123,0,0.3403,0,107,482.1936,-9.5,35,,,0,0,0,2017-10-02T05:25:35Z,74,0.354,1.0806
31.0603,26.1081,0,0.3489,0,107,481.584,-9.5,35,,,0,0,0,2017-10-02T05:25:36Z,75,0.354,1.0807
31.7041,28.3167,0,0.3577,0,107,481.2792,-10.5,35,,,0,0,0,2017-10-02T05:25:37Z,76,0.354,1.0808
30.7385,27.5987,0,0.3663,0,108,480.9744,-12,35,,,0,0,0,2017-10-02T05:25:38Z,77,0.354,1.0809
28.4854,23.9696,0,0.3742,0,108,480.9744,-12.6,35,,,0,0,0,2017-10-02T05:25:39Z,78,0.354,1.081
26.0714,18.6379,0,0.3814,0,108,480.6696,-12.6,35,,,0,0,0,2017-10-02T05:25:40Z,79,0.354,1.0811
23.6574,17.1435,0,0.388,0,108,480.06,-11.6,35,,,0,0,0,2017-10-02T05:25:41Z,80,0.354,1.0812
22.2089,14.155,0,0.3942,0,109,479.4504,-11.1,35,,,0,0,0,2017-10-02T05:25:42Z,81,0.354,1.0813
21.0824,12.1212,0,0.4,0,110,479.1456,-10.5,35,,,0,0,0,2017-10-02T05:25:43Z,82,0.354,1.0814
21.0824,12.6597,0,0.4059,0,110,478.536,-9.5,35,,,0,0,0,2017-10-02T05:25:44Z,83,0.354,1.0815
21.2433,17.5262,0,0.4118,0,109,477.9264,-8.5,35,,,0,0,0,2017-10-02T05:25:45Z,84,0.354,1.0815
21.5652,19.3373,0,0.4178,0,108,477.3168,-6.5,35,,,0,0,0,2017-10-02T05:25:46Z,85,0.354,1.0816
22.5308,17.1407,0,0.424,0,106,476.7072,-5.5,35,,,0,0,0,2017-10-02T05:25:47Z,86,0.354,1.0816
24.3011,16.3279,0,0.4308,0,106,476.0976,-5.4,34.4444,,,0,0,0,2017-10-02T05:25:48Z,87,0.354,1.0835
25.9104,19.6607,0,0.438,0,107,475.488,-5.2,34.4444,,,0,0,0,2017-10-02T05:25:49Z,88,0.354,1.0836
27.1979,22.2068,0,0.4455,0,109,474.8784,-6.1,34.4444,,,0,0,0,2017-10-02T05:25:50Z,89,0.354,1.0837
28.8073,24.7603,0,0.4535,0,110,473.964,-6.9,34.4444,,,0,0,0,2017-10-02T05:25:51Z,90,0.354,1.0837
26.876,25.027,0,0.461,0,111,473.3544,-7.7,34.4444,,,0,0,0,2017-10-02T05:25:52Z,91,0.354,1.0838
24.623,22.2047,0,0.4678,0,111,472.44,-9.5,34.4444,,,0,0,0,2017-10-02T05:25:53Z,92,0.354,1.0839
22.5308,20.9694,0,0.4741,0,110,471.5256,-10.3,34.4444,,,0,0,0,2017-10-02T05:25:54Z,93,0.354,1.084
21.2433,20.3233,0,0.48,0,109,470.3064,-10.9,34.4444,,,0,0,0,2017-10-02T05:25:55Z,94,0.354,1.0841
19.634,19.9921,0,0.4854,0,108,469.392,-10.7,34.4444,,,0,0,0,2017-10-02T05:25:56Z,95,0.354,1.0841
18.8293,18.9655,0,0.4907,0,108,468.4776,-10.5,34.4444,,,0,0,0,2017-10-02T05:25:57Z,96,0.354,1.0842
19.4731,20.3211,0,0.4961,0,108,467.868,-11.3,34.4444,,,0,0,0,2017-10-02T05:25:58Z,97,0.354,1.0843
20.5996,20.3199,0,0.5018,0,109,467.2584,-11.8,34.4444,,,0,0,0,2017-10-02T05:25:59Z,98,0.354,1.0844
22.6918,21.8966,0,0.5081,0,109,466.9536,-13.3,34.4444,,,0,0,0,2017-10-02T05:26:00Z,99,0.354,1.0845
25.5886,23.3665,0,0.5152,0,110,466.9536,-14.9,34.4444,,,0,0,0,2017-10-02T05:26:01Z,100,0.354,1.0846
26.3932,26.0593,0,0.5225,0,111,466.344,-16,34.4444,,,0,0,0,2017-10-02T05:26:02Z,101,0.354,1.0847
25.9104,25.5414,0,0.5297,0,111,465.7344,-16.9,34.4444,,,0,0,0,2017-10-02T05:26:03Z,102,0.354,1.0849
24.9448,22.4913,0,0.5367,0,111,465.1248,-16.8,34.4444,,,0,0,0,2017-10-02T05:26:04Z,103,0.354,1.085
22.6918,19.3054,0,0.543,0,111,464.5152,-15.7,34.4444,,,0,0,0,2017-10-02T05:26:05Z,104,0.354,1.0851
20.1168,21.2727,0,0.5486,0,112,463.6008,-14.2,34.4444,,,0,0,0,2017-10-02T05:26:06Z,105,0.354,1.0852
19.1512,17.872,0,0.5539,0,114,462.9912,-12.2,34.4444,,,0,0,0,2017-10-02T05:26:07Z,106,0.354,1.0853
17.8637,17.1108,0,0.5588,0,116,462.0768,-10.5,34.4444,,,0,0,0,2017-10-02T05:26:08Z,107,0.354,1.0853
16.7372,17.1108,0,0.5635,0,116,461.1624,-8.9,34.4444,,,0,0,0,2017-10-02T05:26:09Z,108,0.354,1.0853
16.5762,14.1283,0,0.5681,0,116,459.9432,-8,34.4444,,,0,0,0,2017-10-02T05:26:10Z,109,0.354,1.0854
18.1856,20.3099,0,0.5731,0,116,459.0288,-8,34.4444,,,0,0,0,2017-10-02T05:26:11Z,110,0.354,1.0855
21.2433,20.3092,0,0.5791,0,117,458.1144,-8.8,34.4444,,,0,0,0,2017-10-02T05:26:12Z,111,0.354,1.0856
23.8183,24.4682,0,0.5857,0,118,456.8952,-10.3,34.4444,,,0,0,0,2017-10-02T05:26:13Z,112,0.354,1.0856
24.7839,27.5365,0,0.5926,0,119,455.9808,-12.3,34.4444,,,0,0,0,2017-10-02T05:26:14Z,113,0.354,1.0858
25.1058,28.2508,0,0.5995,0,118,455.0664,-13.3,34.4444,,,0,0,0,2017-10-02T05:26:15Z,114,0.354,1.0858
26.3932,27.7745,0,0.6069,0,118,454.152,-14.2,34.4444,,,0,0,0,2017-10-02T05:26:16Z,115,0.354,1.086
26.876,28.0114,0,0.6143,0,118,453.5424,-14.2,34.4444,,,0,0,0,2017-10-02T05:26:17Z,116,0.354,1.0861
26.876,27.5305,0,0.6218,0,117,452.9328,-14.2,34.4444,,,0,0,0,2017-10-02T05:26:18Z,117,0.354,1.0862
25.7495,28.0078,0,0.6289,0,117,452.3232,-14.2,34.4444,,,0,0,0,2017-10-02T05:26:19Z,118,0.354,1.0864
24.623,26.2924,0,0.6358,0,119,452.0184,-14.3,34.4444,,,0,0,0,2017-10-02T05:26:20Z,119,0.354,1.0865
22.8527,19.9691,0,0.6421,0,118,451.7136,-15.3,34.4444,,,0,0,0,2017-10-02T05:26:21Z,120,0.354,1.0866
21.5652,15.4671,0,0.6481,0,117,451.7136,-15.9,34.4444,,,0,0,0,2017-10-02T05:26:22Z,121,0.354,1.0868
20.2777,17.4829,0,0.6538,0,116,451.104,-16.5,34.4444,,,0,0,0,2017-10-02T05:26:23Z,122,0.354,1.0869
18.8293,15.8892,0,0.659,0,116,450.7992,-16,34.4444,,,0,0,0,2017-10-02T05:26:24Z,123,0.354,1.087
17.7028,13.1426,0,0.6639,0,116,449.8848,-14.6,34.4444,,,0,0,0,2017-10-02T05:26:25Z,124,0.354,1.0871
16.4153,12.6151,0,0.6685,0,117,448.9704,-13.2,33.8889,,,0,0,0,2017-10-02T05:26:26Z,125,0.354,1.0891
14.4841,6.3073,0,0.6725,0,117,448.3608,-11.9,33.8889,,,0,0,0,2017-10-02T05:26:27Z,126,0.354,1.0892
12.3919,0,0,0.6759,0,117,447.7512,-10.9,33.8889,,,0,0,0,2017-10-02T05:26:28Z,127,0.354,1.0892
12.3919,0,0,0.6794,0,116,447.1416,-10.9,33.8889,,,0,0,0,2017-10-02T05:26:29Z,128,0.354,1.0893
13.1966,0,0,0.683,0,114,446.532,-11,33.8889,,,0,0,0,2017-10-02T05:26:30Z,129,0.354,1.0893
15.2888,3.6413,0,0.6873,0,114,446.532,-11.1,33.8889,,,0,0,0,2017-10-02T05:26:31Z,130,0.354,1.0894
18.5075,13.1286,0,0.6924,0,113,446.2272,-11.8,33.8889,,,0,0,0,2017-10-02T05:26:32Z,131,0.354,1.0894
22.6918,15.4475,0,0.6987,0,112,445.9224,-12.2,33.8889,,,0,0,0,2017-10-02T05:26:33Z,132,0.354,1.0895
25.4276,17.0769,0,0.7058,0,112,445.008,-12.7,33.8889,,,0,0,0,2017-10-02T05:26:34Z,133,0.354,1.0896
24.7839,13.6222,0,0.7127,0,113,444.0936,-13.1,33.8889,,,0,0,0,2017-10-02T05:26:35Z,134,0.354,1.0897
23.6574,13.1262,0,0.7192,0,113,442.8744,-12.6,33.8889,,,0,0,0,2017-10-02T05:26:36Z,135,0.354,1.0898
22.2089,10.2966,0,0.7254,0,114,441.6552,-11.3,33.8889,,,0,0,0,2017-10-02T05:26:37Z,136,0.354,1.0899
19.1512,0,0,0.7307,0,114,440.7408,-9.3,33.8889,,,0,0,0,2017-10-02T05:26:38Z,137,0.354,1.09
16.4153,0,0,0.7353,0,115,440.1312,-7.4,33.8889,,,0,0,0,2017-10-02T05:26:39Z,138,0.354,1.09
15.4497,5.148,0,0.7396,0,114,439.5216,-6.4,33.8889,,,0,0,0,2017-10-02T05:26:40Z,139,0.354,1.09
16.8981,15.4438,0,0.7443,0,114,438.912,-6.5,33.8889,,,0,0,0,2017-10-02T05:26:41Z,140,0.354,1.09
21.0824,20.9099,0,0.7501,0,114,438.6072,-7.5,33.8889,,,0,0,0,2017-10-02T05:26:42Z,141,0.354,1.0902
25.9104,25.2169,0,0.7573,0,112,438.3024,-9.5,33.8889,,,0,0,0,2017-10-02T05:26:43Z,142,0.354,1.0903
29.7729,28.4253,0,0.7656,0,110,437.9976,-11.5,33.8889,,,0,0,0,2017-10-02T05:26:44Z,143,0.354,1.0904
30.8994,30.4479,0,0.7742,0,110,437.6928,-13.3,33.8889,,,0,0,0,2017-10-02T05:26:45Z,144,0.354,1.0906
28.4854,27.2319,0,0.7821,0,110,437.388,-14.1,33.8889,,,0,0,0,2017-10-02T05:26:46Z,145,0.354,1.0907
24.9448,21.5279,0,0.789,0,110,437.0832,-13.9,33.8889,,,0,0,0,2017-10-02T05:26:47Z,146,0.354,1.0908
23.0136,15.4379,0,0.7954,0,111,436.4736,-13.3,33.8889,,,0,0,0,2017-10-02T05:26:48Z,147,0.354,1.0909
20.4387,13.6145,0,0.8011,0,112,436.1688,-12,33.8889,,,0,0,0,2017-10-02T05:26:49Z,148,0.354,1.091
17.22,9.6267,0,0.8059,0,113,435.864,-10.8,33.8889,,,0,0,0,2017-10-02T05:26:50Z,149,0.354,1.091
13.6794,3.6385,0,0.8097,0,113,435.5592,-9.5,33.8889,,,0,0,0,2017-10-02T05:26:51Z,150,0.354,1.091
13.0357,0,0,0.8133,0,113,435.5592,-8.7,33.8889,,,0,0,0,2017-10-02T05:26:52Z,151,0.354,1.0911
14.806,6.3018,0,0.8174,0,113,435.2544,-8.7,33.8889,,,0,0,0,2017-10-02T05:26:53Z,152,0.354,1.0911
16.7372,12.6034,0,0.8221,0,113,435.2544,-8.9,33.8889,,,0,0,0,2017-10-02T05:26:54Z,153,0.354,1.0912
18.9903,15.4357,0,0.8273,0,113,434.9496,-9.2,33.8889,,,0,0,0,2017-10-02T05:26:55Z,154,0.354,1.0912
21.0824,17.4476,0,0.8332,0,113,434.9496,-9.1,33.8889,,,0,0,0,2017-10-02T05:26:56Z,155,0.354,1.0913
22.048,14.5521,0,0.8393,0,113,434.6448,-8.1,33.8889,,,0,0,0,2017-10-02T05:26:57Z,156,0.354,1.0913
21.8871,15.8575,0,0.8454,0,112,434.34,-6.9,33.8889,,,0,0,0,2017-10-02T05:26:58Z,157,0.354,1.0914
20.4387,10.2895,0,0.8511,0,112,434.0352,-5.8,33.8889,,,0,0,0,2017-10-02T05:26:59Z,158,0.354,1.0914
20.1168,13.6117,0,0.8567,0,111,433.1208,-4.3,33.8889,,,0,0,0,2017-10-02T05:27:00Z,159,0.354,1.0914
19.7949,14.9991,0,0.8622,0,109,432.2064,-2.9,33.8889,,,0,0,0,2017-10-02T05:27:01Z,160,0.354,1.0914
19.7949,14.5513,0,0.8677,0,109,431.292,-2.5,33.8889,,,0,0,0,2017-10-02T05:27:02Z,161,0.354,1.0914
18.8293,0,0,0.8729,0,109,430.6824,-2.9,33.8889,,,0,0,0,2017-10-02T05:27:03Z,162,0.354,1.0915
17.22,5.1446,0,0.8777,0,108,430.0728,-3.8,33.8889,,,0,0,0,2017-10-02T05:27:04Z,163,0.354,1.0915
17.059,12.0648,0,0.8824,0,108,429.768,-5.5,33.8889,,,0,0,0,2017-10-02T05:27:05Z,164,0.354,1.0915
19.1512,18.1881,0,0.8877,0,109,429.1584,-7.3,33.8889,,,0,0,0,2017-10-02T05:27:06Z,165,0.354,1.0916
21.4043,19.5888,0,0.8937,0,109,428.5488,-8.5,33.8889,,,0,0,0,2017-10-02T05:27:07Z,166,0.354,1.0916
25.2667,23.2904,0,0.9007,0,110,427.6344,-9.8,33.8889,,,0,0,0,2017-10-02T05:27:08Z,167,0.354,1.0917
27.6807,24.1262,0,0.9084,0,109,427.3296,-10.1,33.8889,,,0,0,0,2017-10-02T05:27:09Z,168,0.354,1.0918
29.2901,25.7172,0,0.9165,0,108,426.72,-9.4,33.8889,,,0,0,0,2017-10-02T05:27:10Z,169,0.354,1.0919
31.5431,27.6972,0,0.9253,0,108,426.1104,-9.4,33.8889,,,0,0,0,2017-10-02T05:27:11Z,170,0.354,1.092
33.3134,30.1813,0,0.9345,0,109,425.5008,-9,33.3333,,,0,0,0,2017-10-02T05:27:12Z,171,0.354,1.0941
33.3134,31.0432,0,0.9438,0,109,424.5864,-8.8,33.3333,,,0,0,0,2017-10-02T05:27:13Z,172,0.354,1.0941
32.8306,28.1427,0,0.9529,0,107,423.672,-9,33.3333,,,0,0,0,2017-10-02T05:27:14Z,173,0.354,1.0942
31.2213,25.9453,0,0.9616,0,104,422.7576,-8.3,33.3333,,,0,0,0,2017-10-02T05:27:15Z,174,0.354,1.0943
30.5775,29.7363,0,0.9701,0,103,421.8432,-6.9,33.3333,,,0,0,0,2017-10-02T05:27:16Z,175,0.354,1.0944
30.4166,33.4928,0,0.9785,0,102,421.2336,-6.3,33.3333,,,0,0,0,2017-10-02T05:27:17Z,176,0.354,1.0944
29.6119,29.7347,0,0.9868,0,102,420.624,-6.4,33.3333,,,0,0,0,2017-10-02T05:27:18Z,177,0.354,1.0945
28.3245,29.2865,0,0.9946,0,103,420.0144,-6.8,33.3333,,,0,0,0,2017-10-02T05:27:19Z,178,0.354,1.0946
29.451,27.6636,0,1.0028,0,103,419.7096,-8,33.3333,,,0,0,0,2017-10-02T05:27:20Z,179,0.354,1.0947
31.865,28.3684,0,1.0117,0,105,419.1,-8.9,33.3333,,,0,0,0,2017-10-02T05:27:21Z,180,0.354,1.0948
34.44,28.8282,0,1.0212,0,106,418.4904,-9.4,33.3333,,,0,0,0,2017-10-02T05:27:22Z,181,0.354,1.0949
36.693,29.9487,0,1.0314,0,109,418.1856,-9.6,33.3333,,,0,0,0,2017-10-02T05:27:23Z,182,0.354,1.095
37.8196,33.2842,0,1.0419,0,110,417.8808,-8.9,33.3333,,,0,0,0,2017-10-02T05:27:24Z,183,0.354,1.0952
38.7852,35.7659,0,1.0527,0,112,417.576,-8,33.3333,,,0,0,0,2017-10-02T05:27:25Z,184,0.354,1.0952
39.268,34.4499,0,1.0636,0,113,417.2712,-6.4,33.3333,,,0,0,0,2017-10-02T05:27:26Z,185,0.354,1.0953
39.5899,33.2806,0,1.0746,0,114,416.6616,-5.3,33.3333,,,0,0,0,2017-10-02T05:27:27Z,186,0.354,1.0954
40.0727,35.392,0,1.0857,0,115,416.052,-4.8,33.3333,,,0,0,0,2017-10-02T05:27:28Z,187,0.354,1.0954
40.2336,34.4468,0,1.0969,0,115,415.4424,-4.2,33.3333,,,0,0,0,2017-10-02T05:27:29Z,188,0.354,1.0955
40.2336,34.6364,0,1.1081,0,116,415.1376,-4.2,33.3333,,,0,0,0,2017-10-02T05:27:30Z,189,0.354,1.0956
39.7508,34.8255,0,1.1191,0,116,414.528,-4,33.3333,,,0,0,0,2017-10-02T05:27:31Z,190,0.354,1.0956
38.7852,35.3881,0,1.1299,0,117,413.9184,-3.7,33.3333,,,0,0,0,2017-10-02T05:27:32Z,191,0.354,1.0957
39.1071,35.2008,0,1.1408,0,117,413.3088,-4.2,33.3333,,,0,0,0,2017-10-02T05:27:33Z,192,0.354,1.0957
38.6243,33.6689,0,1.1515,0,117,413.004,-4.5,33.3333,,,0,0,0,2017-10-02T05:27:34Z,193,0.354,1.0958
37.1758,33.8629,0,1.1618,0,117,412.6992,-5.3,33.3333,,,0,0,0,2017-10-02T05:27:35Z,194,0.354,1.0958
36.2102,32.6731,0,1.1719,51,116,412.3944,-5.9,33.3333,,,0,0,0,2017-10-02T05:27:36Z,195,0.354,1.0959
34.9228,32.672,0,1.1816,42,116,412.0896,-6.1,33.3333,,,0,0,0,2017-10-02T05:27:37Z,196,0.354,1.096
33.4744,30.1543,0,1.1909,31,115,411.48,-6.2,33.3333,,,0,0,0,2017-10-02T05:27:38Z,197,0.354,1.096
32.3478,28.3513,0,1.1999,31,114,411.1752,-6.4,33.3333,,,0,0,0,2017-10-02T05:27:39Z,198,0.354,1.0961
30.8994,27.8817,0,1.2084,31,114,410.8704,-6.2,33.3333,,,0,0,0,2017-10-02T05:27:40Z,199,0.354,1.0962
28.6463,24.6182,0,1.2164,0,113,410.5656,-5.4,33.3333,,,0,0,0,2017-10-02T05:27:41Z,200,0.354,1.0963
27.8417,23.8014,0,1.2241,0,112,410.2608,-5.1,33.3333,,,0,0,0,2017-10-02T05:27:42Z,201,0.354,1.0963
28.4854,23.5226,0,1.232,0,111,409.956,-4.2,33.3333,,,0,0,0,2017-10-02T05:27:43Z,202,0.354,1.0964
29.1291,28.5791,0,1.2401,0,111,409.3464,-4.3,33.3333,,,0,0,0,2017-10-02T05:27:44Z,203,0.354,1.0964
30.0947,29.4861,0,1.2485,0,111,409.0416,-5,33.3333,,,0,0,0,2017-10-02T05:27:45Z,204,0.354,1.0964
30.8994,28.3462,0,1.2571,0,111,408.7368,-5.1,33.3333,,,0,0,0,2017-10-02T05:27:46Z,205,0.354,1.0965
31.865,32.2578,0,1.2659,66,111,408.432,-5.4,33.3333,,,0,0,0,2017-10-02T05:27:47Z,206,0.354,1.0966
32.3478,31.2198,32,1.2749,66,111,408.432,-4.8,33.3333,,,0,0,0,2017-10-02T05:27:48Z,207,0.354,1.0966
32.1869,29.0333,0,1.2839,43,120,408.1272,-3.5,33.3333,,,0,0,0,2017-10-02T05:27:49Z,208,0.354,1.0966
31.0603,26.4202,0,1.2925,0,124,407.8224,-3.2,33.3333,,,0,0,0,2017-10-02T05:27:50Z,209,0.354,1.0967
31.5431,28.8045,0,1.3012,0,123,407.5176,-3,33.3333,,,0,0,0,2017-10-02T05:27:51Z,210,0.354,1.0967
32.1869,31.0053,0,1.3102,0,122,407.5176,-3.5,33.3333,,,0,0,0,2017-10-02T05:27:52Z,211,0.354,1.0968
32.3478,29.4807,0,1.3192,0,122,407.5176,-4.5,33.3333,,,0,0,0,2017-10-02T05:27:53Z,212,0.354,1.0968
32.8306,32.0483,0,1.3283,0,122,407.5176,-4.5,33.3333,,,0,0,0,2017-10-02T05:27:54Z,213,0.354,1.0969
32.1869,31.0036,0,1.3372,0,121,407.5176,-4.7,33.3333,,,0,0,0,2017-10-02T05:27:55Z,214,0.354,1.0969
32.0259,31.6342,0,1.3461,0,119,407.8224,-4.2,33.3333,,,0,0,0,2017-10-02T05:27:56Z,215,0.354,1.0969
31.5431,29.7016,0,1.3549,0,119,407.8224,-3.6,33.3333,,,0,0,0,2017-10-02T05:27:57Z,216,0.354,1.097
31.2213,30.3587,0,1.3636,0,118,407.8224,-3.4,33.3333,,,0,0,0,2017-10-02T05:27:58Z,217,0.354,1.097
30.5775,28.5708,0,1.3721,0,118,407.5176,-2.8,33.3333,,,0,0,0,2017-10-02T05:27:59Z,218,0.354,1.097
30.4166,27.871,0,1.3805,0,118,407.2128,-2.7,33.3333,,,0,0,0,2017-10-02T05:28:00Z,219,0.354,1.097
29.6119,24.8757,0,1.3887,0,117,407.2128,-2.1,33.3333,,,0,0,0,2017-10-02T05:28:01Z,220,0.354,1.097
29.2901,25.1389,0,1.3969,0,117,406.908,-1.6,33.3333,,,0,0,0,2017-10-02T05:28:02Z,221,0.354,1.097
28.8073,22.0713,72,1.4049,64,118,407.2128,-0.7,33.3333,,,0,0,0,2017-10-02T05:28:03Z,222,0.354,1.097
28.0026,20.8445,0,1.4126,64,118,407.2128,0.2,33.3333,,,0,0,0,2017-10-02T05:28:04Z,223,0.354,1.097
27.1979,22.6604,0,1.4202,31,118,407.2128,0.3,33.3333,,,0,0,0,2017-10-02T05:28:05Z,224,0.354,1.097
26.7151,20.8445,0,1.4276,0,118,407.2128,0.1,33.3333,,,0,0,0,2017-10-02T05:28:06Z,225,0.354,1.097
25.9104,20.8441,0,1.4348,0,120,407.5176,-0.1,33.3333,,,0,0,0,2017-10-02T05:28:07Z,226,0.354,1.097
25.7495,25.1385,0,1.442,0,121,407.5176,-0.7,33.3333,,,0,0,0,2017-10-02T05:28:08Z,227,0.354,1.0971
25.1058,26.4154,0,1.4489,0,121,407.2128,-0.7,33.3333,,,0,0,0,2017-10-02T05:28:09Z,228,0.354,1.0971
24.462,21.7702,0,1.4557,0,121,407.2128,-0.1,33.3333,,,0,0,0,2017-10-02T05:28:10Z,229,0.354,1.0971
23.9792,24.3402,104,1.4624,57,121,407.2128,-0.2,33.3333,,,0,0,0,2017-10-02T05:28:11Z,230,0.354,1.0971
24.3011,24.8752,121,1.4692,58,122,407.2128,0.2,33.3333,,,0,0,0,2017-10-02T05:28:12Z,231,0.354,1.0971
23.8183,24.6092,79,1.4758,57,123,407.2128,0.3,33.3333,,,0,0,0,2017-10-02T05:28:13Z,232,0.354,1.0971
23.6574,27.6333,94,1.4823,56,124,407.2128,-0.1,33.3333,,,0,0,0,2017-10-02T05:28:14Z,233,0.354,1.0971
23.4964,26.9096,64,1.4889,56,125,407.2128,0.1,33.3333,,,0,0,0,2017-10-02T05:28:15Z,234,0.354,1.097
23.1746,24.3407,90,1.4953,55,126,407.2128,0.3,33.3333,,,0,0,0,2017-10-02T05:28:16Z,235,0.354,1.097
22.8527,22.0709,73,1.5017,54,127,407.2128,0.6,33.3333,,,0,0,0,2017-10-02T05:28:17Z,236,0.354,1.0971
22.5308,25.9122,57,1.5079,54,128,406.908,0.8,33.3333,,,0,0,0,2017-10-02T05:28:18Z,237,0.354,1.0971
22.048,29.0274,71,1.514,52,128,406.908,0.9,33.3333,,,0,0,0,2017-10-02T05:28:19Z,238,0.354,1.0971
21.8871,28.7998,65,1.5201,52,129,406.908,0.6,33.3333,,,0,0,0,2017-10-02T05:28:20Z,239,0.354,1.0971
21.5652,28.5703,95,1.5261,51,129,406.6032,0.3,33.3333,,,0,0,0,2017-10-02T05:28:21Z,240,0.354,1.0971
21.4043,26.9091,0,1.5321,51,129,406.2984,0.1,33.3333,,,0,0,0,2017-10-02T05:28:22Z,241,0.354,1.0971
21.4043,25.9122,76,1.538,51,129,406.2984,-0.3,33.3333,,,0,0,0,2017-10-02T05:28:23Z,242,0.354,1.0971
21.2433,24.5869,83,1.5439,51,130,406.2984,-0.3,32.7778,,,0,0,0,2017-10-02T05:28:24Z,243,0.354,1.0991
21.7261,24.3182,66,1.5499,52,130,406.2984,-0.4,32.7778,,,0,0,0,2017-10-02T05:28:25Z,244,0.354,1.0991
21.7261,22.927,69,1.556,52,131,406.2984,-0.4,32.7778,,,0,0,0,2017-10-02T05:28:26Z,245,0.354,1.0991
21.8871,22.6386,68,1.562,52,132,405.9936,-0.4,32.7778,,,0,0,0,2017-10-02T05:28:27Z,246,0.354,1.0991
22.2089,21.7504,61,1.5682,53,132,405.9936,-0.6,32.7778,,,0,0,0,2017-10-02T05:28:28Z,247,0.354,1.0991
22.3699,21.4458,55,1.5744,54,133,405.6888,-0.8,32.7778,,,0,0,0,2017-10-02T05:28:29Z,248,0.354,1.0992
22.8527,21.4454,0,1.5808,54,133,405.6888,-1.2,32.7778,,,0,0,0,2017-10-02T05:28:30Z,249,0.354,1.0992
23.0136,24.3168,0,1.5872,0,134,405.384,-1.4,32.7778,,,0,0,0,2017-10-02T05:28:31Z,250,0.354,1.0992
22.6918,24.0451,0,1.5935,0,134,405.0792,-1.6,32.7778,,,0,0,0,2017-10-02T05:28:32Z,251,0.354,1.0992
22.3699,28.0787,0,1.5997,0,134,405.0792,-1.4,32.7778,,,0,0,0,2017-10-02T05:28:33Z,252,0.354,1.0992
22.2089,25.8872,0,1.6059,0,133,404.7744,-1.1,32.7778,,,0,0,0,2017-10-02T05:28:34Z,253,0.354,1.0992
22.8527,24.5851,95,1.6122,55,133,404.4696,-1.1,32.7778,,,0,0,0,2017-10-02T05:28:35Z,254,0.354,1.0992
23.4964,24.3164,36,1.6187,55,134,404.1648,-1.4,32.7778,,,0,0,0,2017-10-02T05:28:36Z,255,0.354,1.0992
23.9792,21.7488,0,1.6254,55,134,403.86,-1.9,32.7778,,,0,0,0,2017-10-02T05:28:37Z,256,0.354,1.0993
24.1402,21.4446,0,1.6321,45,134,403.5552,-2.4,32.7778,,,0,0,0,2017-10-02T05:28:38Z,257,0.354,1.0993
24.462,22.3444,0,1.6389,0,133,403.2504,-2.6,32.7778,,,0,0,0,2017-10-02T05:28:39Z,258,0.354,1.0993
24.623,21.1353,0,1.6457,0,133,402.9456,-2.7,32.7778,,,0,0,0,2017-10-02T05:28:40Z,259,0.354,1.0994
25.1058,22.344,0,1.6527,0,132,402.6408,-3.1,32.7778,,,0,0,0,2017-10-02T05:28:41Z,260,0.354,1.0994
25.7495,25.112,0,1.6599,0,132,402.336,-3.4,32.7778,,,0,0,0,2017-10-02T05:28:42Z,261,0.354,1.0994
26.3932,26.6348,0,1.6672,0,131,402.336,-4.2,32.7778,,,0,0,0,2017-10-02T05:28:43Z,262,0.354,1.0994
27.037,27.1231,0,1.6747,0,130,401.7264,-4.8,32.7778,,,0,0,0,2017-10-02T05:28:44Z,263,0.354,1.0995
26.7151,27.3637,0,1.6821,0,129,401.7264,-4.7,32.7778,,,0,0,0,2017-10-02T05:28:45Z,264,0.354,1.0995
25.7495,24.3128,0,1.6893,0,128,401.1168,-4.7,32.7778,,,0,0,0,2017-10-02T05:28:46Z,265,0.354,1.0996
25.2667,24.0407,0,1.6963,0,128,401.1168,-4.6,32.7778,,,0,0,0,2017-10-02T05:28:47Z,266,0.354,1.0996
25.1058,24.312,0,1.7033,0,127,400.812,-4,32.7778,,,0,0,0,2017-10-02T05:28:48Z,267,0.354,1.0996
25.2667,26.8774,0,1.7103,0,126,400.812,-4.3,32.7778,,,0,0,0,2017-10-02T05:28:49Z,268,0.354,1.0997
24.623,25.8811,0,1.7171,0,124,400.812,-4.7,32.7778,,,0,0,0,2017-10-02T05:28:50Z,269,0.354,1.0997
22.3699,27.6002,0,1.7233,0,122,401.1168,-4.3,32.7778,,,0,0,0,2017-10-02T05:28:51Z,270,0.354,1.0997
21.2433,25.1074,0,1.7292,0,121,401.1168,-4.6,32.7778,,,0,0,0,2017-10-02T05:28:52Z,271,0.354,1.0998
19.3121,24.8445,0,1.7346,0,120,400.812,-4,32.7778,,,0,0,0,2017-10-02T05:28:53Z,272,0.354,1.0998
17.8637,21.4388,0,1.7396,0,119,400.812,-3.3,32.7778,,,0,0,0,2017-10-02T05:28:54Z,273,0.354,1.0999
17.7028,16.9972,0,1.7445,0,119,400.812,-3.3,32.7778,,,0,0,0,2017-10-02T05:28:55Z,274,0.354,1.0999
18.1856,15.3743,0,1.7495,0,119,400.812,-3.3,32.7778,,,0,0,0,2017-10-02T05:28:56Z,275,0.354,1.0999
16.5762,14.0347,0,1.7541,0,117,400.812,-3.5,32.7778,,,0,0,0,2017-10-02T05:28:57Z,276,0.354,1.0999
14.4841,9.5875,0,1.7582,0,116,400.5072,-3.2,32.7778,,,0,0,0,2017-10-02T05:28:58Z,277,0.354,1.0999
12.7138,0,0,1.7617,0,115,400.812,-3.3,32.7778,,,0,0,0,2017-10-02T05:28:59Z,278,0.354,1.0999
10.7826,0,0,1.7647,0,116,400.812,-3.6,32.7778,,,0,0,0,2017-10-02T05:29:00Z,279,0.354,1.0999
9.1733,0,0,1.7672,0,116,400.812,-4.6,32.7778,,,0,0,0,2017-10-02T05:29:01Z,280,0.354,1.0999
8.5295,0,0,1.7696,0,116,401.1168,-5.6,32.7778,,,0,0,0,2017-10-02T05:29:02Z,281,0.354,1.0999
0,0,0,1.7696,0.001,116,401.1168,-5.6,32.7778,,,0,0,0,2017-10-02T05:29:03Z,282,0.354,1.0999
6.5983,0,49.3822,1.7714,0.001,115,401.4216,-0.6,32.7778,,,0,0,0,2017-10-02T05:30:12Z,283,0.354,1.0999
7.242,0,92.147,1.7735,0.001,116,401.7264,-0.1,32.7778,,,0,0,0,2017-10-02T05:30:13Z,284,0.354,1.0999
8.6905,0,87.5653,1.7759,30,116,401.7264,0.3,33.3333,,,0,0,0,2017-10-02T05:30:14Z,285,0.354,1.098
10.1389,0,78.5592,1.7787,38,116,402.0312,0.7,33.3333,,,0,0,0,2017-10-02T05:30:15Z,286,0.354,1.0979
11.2654,0,73,1.7818,38,116,402.0312,0.9,33.3333,,,0,0,0,2017-10-02T05:30:16Z,287,0.354,1.0979
12.0701,0,127,1.7852,42,117,402.336,1.1,33.3333,,,0,0,0,2017-10-02T05:30:17Z,288,0.354,1.0979
12.5529,0,151,1.7887,44,118,402.6408,1.7,33.3333,,,0,0,0,2017-10-02T05:30:18Z,289,0.354,1.0979
12.7138,0,148,1.7922,45,120,402.9456,3,33.3333,,,0,0,0,2017-10-02T05:30:19Z,290,0.354,1.0979
12.7138,0,105,1.7957,45,122,402.9456,3.8,33.3333,,,0,0,0,2017-10-02T05:30:20Z,291,0.354,1.0978
12.5529,0,265,1.7992,44,124,403.2504,4.5,33.3333,,,0,0,0,2017-10-02T05:30:21Z,292,0.354,1.0978
13.6794,0,225,1.803,50,126,403.5552,4.3,33.3333,,,0,0,0,2017-10-02T05:30:22Z,293,0.354,1.0978
14.806,0,260,1.8071,53,128,403.5552,4.5,33.3333,,,0,0,0,2017-10-02T05:30:23Z,294,0.354,1.0978
15.6106,0,266,1.8115,56,132,403.86,4.9,33.3333,,,0,0,0,2017-10-02T05:30:24Z,295,0.354,1.0978
16.4153,0,267,1.816,56,133,404.1648,4.7,33.3333,,,0,0,0,2017-10-02T05:30:25Z,296,0.354,1.0977
17.3809,0,284,1.8208,62,134,404.1648,4.7,33.3333,,,0,0,0,2017-10-02T05:30:26Z,297,0.354,1.0977
17.8637,0,250,1.8258,63,135,404.4696,4.7,33.3333,,,0,0,0,2017-10-02T05:30:27Z,298,0.354,1.0976
18.1856,0,236,1.8309,63,137,404.4696,4.4,33.3333,,,0,0,0,2017-10-02T05:30:28Z,299,0.354,1.0976
18.1856,0,0,1.8359,0,137,404.7744,4.1,33.3333,,,0,0,0,2017-10-02T05:30:29Z,300,0.354,1.0976
16.2544,0,180,1.8404,56,138,404.7744,4.5,33.3333,,,0,0,0,2017-10-02T05:30:30Z,301,0.354,1.0976
16.0934,0,156,1.8449,56,140,405.0792,4.1,33.3333,,,0,0,0,2017-10-02T05:30:31Z,302,0.354,1.0976
15.9325,0,155,1.8493,56,141,405.0792,4.2,33.3333,,,0,0,0,2017-10-02T05:30:32Z,303,0.354,1.0975
15.9325,0,144,1.8537,55,142,405.384,4.5,33.3333,,,0,0,0,2017-10-02T05:30:33Z,304,0.354,1.0975
15.6106,0,166,1.8581,55,143,405.384,4.6,33.3333,,,0,0,0,2017-10-02T05:30:34Z,305,0.354,1.0975
15.4497,0,159,1.8624,54,144,405.6888,4.8,33.3333,,,0,0,0,2017-10-02T05:30:35Z,306,0.354,1.0974
15.2888,0,162,1.8666,54,146,405.6888,5,33.3333,,,0,0,0,2017-10-02T05:30:36Z,307,0.354,1.0974
15.1278,0,159,1.8708,53,147,405.6888,5,33.3333,,,0,0,0,2017-10-02T05:30:37Z,308,0.354,1.0974
15.1278,0,160,1.875,53,147,405.6888,4.8,33.3333,,,0,0,0,2017-10-02T05:30:38Z,309,0.354,1.0974
15.2888,0,155,1.8793,53,148,405.9936,4.8,33.3333,,,0,0,0,2017-10-02T05:30:39Z,310,0.354,1.0974
15.2888,0,169,1.8835,54,149,405.9936,4.6,33.3333,,,0,0,0,2017-10-02T05:30:40Z,311,0.354,1.0974
15.4497,0,128,1.8878,54,150,406.2984,4.2,33.3333,,,0,0,0,2017-10-02T05:30:41Z,312,0.354,1.0973
15.6106,0,129,1.8921,55,151,406.2984,3.9,33.3333,,,0,0,0,2017-10-02T05:30:42Z,313,0.354,1.0973
15.7716,0,152,1.8965,55,151,406.6032,3.5,33.3333,,,0,0,0,2017-10-02T05:30:43Z,314,0.354,1.0973
16.0934,0,150,1.901,56,152,406.6032,3,33.3333,,,0,0,0,2017-10-02T05:30:44Z,315,0.354,1.0973
16.2544,0,149,1.9055,57,152,406.6032,3.2,33.3333,,,0,0,0,2017-10-02T05:30:45Z,316,0.354,1.0973
16.7372,0,142,1.9102,58,153,406.6032,2.8,33.3333,,,0,0,0,2017-10-02T05:30:46Z,317,0.354,1.0973
17.059,0,117,1.9149,60,153,406.6032,2.6,33.3333,,,0,0,0,2017-10-02T05:30:47Z,318,0.354,1.0972
8.6905,0,48,1.9173,61,153,406.908,2.8,33.3333,,,0,0,0,2017-10-02T05:30:48Z,319,0.354,1.0972
8.5295,0,45,1.9197,60,154,406.908,2.5,33.3333,,,0,0,0,2017-10-02T05:30:49Z,320,0.354,1.0972
17.059,3.6282,86,1.9244,60,154,406.908,2.2,33.3333,,,0,0,0,2017-10-02T05:30:50Z,321,0.354,1.0972
17.22,0,104,1.9292,60,154,406.6032,2.1,33.3333,,,0,0,0,2017-10-02T05:30:51Z,322,0.354,1.0972
17.22,9.5996,110,1.934,60,155,406.6032,1.7,33.3333,,,0,0,0,2017-10-02T05:30:52Z,323,0.354,1.0972
17.3809,7.2566,120,1.9388,61,155,406.908,1.6,33.3333,,,0,0,0,2017-10-02T05:30:53Z,324,0.354,1.0972
17.8637,0,124,1.9438,63,155,406.908,1.8,33.3333,,,0,0,0,2017-10-02T05:30:54Z,325,0.354,1.0972
18.0247,0,128,1.9488,64,155,406.908,2.1,33.3333,,,0,0,0,2017-10-02T05:30:55Z,326,0.354,1.0972
18.1856,3.6284,114,1.9538,64,154,406.908,2,33.3333,,,0,0,0,2017-10-02T05:30:56Z,327,0.354,1.0971
18.3465,0,120,1.9589,66,154,406.908,2,33.3333,,,0,0,0,2017-10-02T05:30:57Z,328,0.354,1.0971
18.9903,0,78,1.9642,66,154,406.908,1.7,33.3333,,,0,0,0,2017-10-02T05:30:58Z,329,0.354,1.0971
18.9903,0,93,1.9695,66,154,406.908,1.4,33.3333,,,0,0,0,2017-10-02T05:30:59Z,330,0.354,1.0972
19.3121,5.1312,73,1.9748,68,154,406.908,1,33.3333,,,0,0,0,2017-10-02T05:31:00Z,331,0.354,1.0972
19.3121,6.2845,99,1.9802,68,153,406.908,1,33.3333,,,0,0,0,2017-10-02T05:31:01Z,332,0.354,1.0971
19.4731,3.6284,52,1.9856,68,154,406.908,0.9,33.3333,,,0,0,0,2017-10-02T05:31:02Z,333,0.354,1.0971
19.634,7.2567,77,1.9911,68,154,406.908,0.7,33.3333,,,0,0,0,2017-10-02T05:31:03Z,334,0.354,1.0971
19.7949,9.5997,102,1.9966,70,154,406.908,0.9,33.3333,,,0,0,0,2017-10-02T05:31:04Z,335,0.354,1.0971
19.9559,8.8876,80,2.0021,70,153,406.908,0.7,33.3333,,,0,0,0,2017-10-02T05:31:05Z,336,0.354,1.0971
20.1168,9.5997,82,2.0077,70,153,406.6032,0.8,33.3333,,,0,0,0,2017-10-02T05:31:06Z,337,0.354,1.0971
20.1168,8.8876,43,2.0133,71,153,406.6032,0.6,33.3333,,,0,0,0,2017-10-02T05:31:07Z,338,0.354,1.0971
20.4387,6.2845,57,2.019,72,153,406.6032,0.4,33.3333,,,0,0,0,2017-10-02T05:31:08Z,339,0.354,1.0971
20.7605,10.2626,37,2.0247,73,152,406.908,0.1,33.3333,,,0,0,0,2017-10-02T05:31:09Z,340,0.354,1.0971
21.0824,8.8876,105,2.0306,75,152,406.908,0,33.3333,,,0,0,0,2017-10-02T05:31:10Z,341,0.354,1.0971
21.4043,10.8851,47,2.0365,75,152,407.2128,0,33.3333,,,0,0,0,2017-10-02T05:31:11Z,342,0.354,1.0971
21.5652,10.2626,64,2.0425,76,152,407.2128,-0.1,33.3333,,,0,0,0,2017-10-02T05:31:12Z,343,0.354,1.0971
21.7261,10.2626,81,2.0486,77,152,407.2128,0.4,33.3333,,,0,0,0,2017-10-02T05:31:13Z,344,0.354,1.0971
22.048,8.1131,71,2.0547,77,152,407.2128,0.2,33.3333,,,0,0,0,2017-10-02T05:31:14Z,345,0.354,1.0972
22.048,6.2844,55,2.0608,77,152,407.5176,0.3,33.3333,,,0,0,0,2017-10-02T05:31:15Z,346,0.354,1.0972
21.8871,8.8875,56,2.0669,77,151,407.5176,0.5,33.3333,,,0,0,0,2017-10-02T05:31:16Z,347,0.354,1.0972
22.048,14.0526,126,2.073,76,151,407.5176,0.6,33.3333,,,0,0,0,2017-10-02T05:31:17Z,348,0.354,1.0971
21.5652,10.2626,71,2.079,75,151,407.2128,1.1,33.3333,,,0,0,0,2017-10-02T05:31:18Z,349,0.354,1.0971
21.7261,10.8853,91,2.085,76,151,407.2128,1.2,33.3333,,,0,0,0,2017-10-02T05:31:19Z,350,0.354,1.0971
21.4043,11.4741,82,2.091,74,151,407.2128,1.4,33.3333,,,0,0,0,2017-10-02T05:31:20Z,351,0.354,1.0971
21.2433,9.5999,82,2.0969,75,150,407.2128,1.4,33.3333,,,0,0,0,2017-10-02T05:31:21Z,352,0.354,1.0971
21.4043,12.0341,56,2.1028,76,149,406.908,0.9,33.3333,,,0,0,0,2017-10-02T05:31:22Z,353,0.354,1.0971
21.5652,12.5695,87,2.1088,75,147,406.908,1,33.3333,,,0,0,0,2017-10-02T05:31:23Z,354,0.354,1.097
21.5652,16.6278,52,2.1148,77,147,406.908,0.6,33.3333,,,0,0,0,2017-10-02T05:31:24Z,355,0.354,1.097
22.048,19.2002,104,2.1209,78,145,406.908,0.1,33.3333,,,0,0,0,2017-10-02T05:31:25Z,356,0.354,1.097
22.5308,20.8437,108,2.1272,79,145,407.2128,0.1,33.3333,,,0,0,0,2017-10-02T05:31:26Z,357,0.354,1.0971
22.6918,19.5397,126,2.1335,80,145,407.5176,-0.1,33.3333,,,0,0,0,2017-10-02T05:31:27Z,358,0.354,1.0971
22.6918,18.5014,98,2.1398,78,145,407.5176,0.3,33.3333,,,0,0,0,2017-10-02T05:31:28Z,359,0.354,1.0971
22.3699,15.816,95,2.146,79,145,407.8224,0.6,33.3333,,,0,0,0,2017-10-02T05:31:29Z,360,0.354,1.0971
22.048,10.2626,106,2.1521,77,145,407.8224,1.3,33.3333,,,0,0,0,2017-10-02T05:31:30Z,361,0.354,1.0971
21.7261,8.1133,110,2.1582,74,145,407.8224,1.9,33.3333,,,0,0,0,2017-10-02T05:31:31Z,362,0.354,1.0971
21.0824,8.8876,81,2.164,72,144,407.8224,2.1,33.3333,,,0,0,0,2017-10-02T05:31:32Z,363,0.354,1.0971
20.5996,3.6284,119,2.1698,71,144,408.1272,2.5,33.3333,,,0,0,0,2017-10-02T05:31:33Z,364,0.354,1.0971
19.9559,0,100,2.1753,70,144,408.432,2.7,33.3333,,,0,0,0,2017-10-02T05:31:34Z,365,0.354,1.0971
19.634,8.1136,147,2.1808,68,144,408.7368,2.9,33.3333,,,0,0,0,2017-10-02T05:31:35Z,366,0.354,1.097
19.1512,10.2629,104,2.1861,67,144,408.7368,2.8,33.3333,,,0,0,0,2017-10-02T05:31:36Z,367,0.354,1.097
18.6684,5.1316,131,2.1913,65,144,409.0416,3.2,33.3333,,,0,0,0,2017-10-02T05:31:37Z,368,0.354,1.097
18.1856,0,111,2.1963,63,144,409.3464,3.2,33.3333,,,0,0,0,2017-10-02T05:31:38Z,369,0.354,1.097
17.7028,0,137,2.2012,63,144,409.3464,3,33.3333,,,0,0,0,2017-10-02T05:31:39Z,370,0.354,1.097
17.8637,0,155,2.2062,59,145,409.3464,3.5,33.3333,,,0,0,0,2017-10-02T05:31:40Z,371,0.354,1.097
16.7372,0,170,2.2108,57,144,409.6512,4,33.3333,,,0,0,0,2017-10-02T05:31:41Z,372,0.354,1.097
16.2544,0,177,2.2154,57,144,409.956,4.6,33.3333,,,0,0,0,2017-10-02T05:31:42Z,373,0.354,1.0969
15.7716,0,190,2.2197,55,144,409.956,5.6,33.3333,,,0,0,0,2017-10-02T05:31:43Z,374,0.354,1.0969
15.4497,0,147,2.224,53,144,409.956,5.8,33.3333,,,0,0,0,2017-10-02T05:31:44Z,375,0.354,1.0969
15.1278,0,157,2.2282,54,144,409.956,5.2,33.3333,,,0,0,0,2017-10-02T05:31:45Z,376,0.354,1.0968
15.4497,0,148,2.2325,54,144,410.2608,4.8,33.3333,,,0,0,0,2017-10-02T05:31:46Z,377,0.354,1.0968
15.1278,0,76,2.2367,52,145,410.5656,4,33.3333,,,0,0,0,2017-10-02T05:31:47Z,378,0.354,1.0968
15.1278,0,124,2.2409,55,145,410.8704,3.2,33.3333,,,0,0,0,2017-10-02T05:31:48Z,379,0.354,1.0968
15.9325,0,117,2.2453,58,145,410.8704,2.8,33.3333,,,0,0,0,2017-10-02T05:31:49Z,380,0.354,1.0968
16.4153,0,131,2.2499,56,145,411.1752,2.7,33.3333,,,0,0,0,2017-10-02T05:31:50Z,381,0.354,1.0967
16.0934,0,138,2.2544,58,145,411.48,2.4,33.3333,,,0,0,0,2017-10-02T05:31:51Z,382,0.354,1.0967
16.4153,0,145,2.2589,64,145,411.48,2.8,33.3333,,,0,0,0,2017-10-02T05:31:52Z,383,0.354,1.0967
16.0934,0,193,2.2634,64,145,411.7848,3.8,33.3333,,,0,0,0,2017-10-02T05:31:53Z,384,0.354,1.0967
15.9325,0,222,2.2678,63,145,412.0896,4.7,33.3333,,,0,0,0,2017-10-02T05:31:54Z,385,0.354,1.0967
15.9325,0,202,2.2723,63,145,412.0896,5.5,33.3333,,,0,0,0,2017-10-02T05:31:55Z,386,0.354,1.0966
15.4497,0,193,2.2766,61,146,412.3944,6,33.3333,,,0,0,0,2017-10-02T05:31:56Z,387,0.354,1.0966
15.2888,0,179,2.2808,60,147,412.6992,6,33.3333,,,0,0,0,2017-10-02T05:31:57Z,388,0.354,1.0966
15.1278,0,219,2.285,59,147,412.6992,6.1,33.3333,,,0,0,0,2017-10-02T05:31:58Z,389,0.354,1.0966
14.806,0,177,2.2891,57,148,413.004,6.1,33.3333,,,0,0,0,2017-10-02T05:31:59Z,390,0.354,1.0965
14.3232,0,174,2.2931,57,149,413.3088,6.2,33.3333,,,0,0,0,2017-10-02T05:32:00Z,391,0.354,1.0965
14.3232,0,178,2.2971,57,149,413.3088,6.1,33.3333,,,0,0,0,2017-10-02T05:32:01Z,392,0.354,1.0965
14.4841,0,189,2.3011,57,150,413.6136,5.8,33.3333,,,0,0,0,2017-10-02T05:32:02Z,393,0.354,1.0964
14.4841,0,198,2.3051,57,151,413.9184,5.8,33.3333,,,0,0,0,2017-10-02T05:32:03Z,394,0.354,1.0964
14.3232,0,174,2.3091,57,151,414.2232,5.6,33.3333,,,0,0,0,2017-10-02T05:32:04Z,395,0.354,1.0964
0,0,191,2.3091,57,151,414.2232,5.6,33.3333,,,0,0,0,2017-10-02T05:32:05Z,396,0.354,1.0964
5.3108,0,67,2.3106,58,152,414.528,6.1,33.3333,,,0,0,0,2017-10-02T05:32:06Z,397,0.354,1.0964
5.3108,0,73,2.312,59,152,414.8328,5.9,33.3333,,,0,0,0,2017-10-02T05:32:07Z,398,0.354,1.0963
14.806,0,192,2.3162,59,152,415.1376,5.3,33.3333,,,0,0,0,2017-10-02T05:32:08Z,399,0.354,1.0963
14.9669,0,195,2.3203,59,152,415.1376,5.3,33.3333,,,0,0,0,2017-10-02T05:32:09Z,400,0.354,1.0963
14.9669,0,213,2.3245,59,152,415.4424,5.1,33.3333,,,0,0,0,2017-10-02T05:32:10Z,401,0.354,1.0962
14.645,0,204,2.3285,58,153,415.4424,5.4,33.3333,,,0,0,0,2017-10-02T05:32:11Z,402,0.354,1.0962
14.4841,0,214,2.3326,57,153,415.7472,6.4,33.3333,,,0,0,0,2017-10-02T05:32:12Z,403,0.354,1.0962
14.3232,0,227,2.3365,57,153,416.052,6.9,33.3333,,,0,0,0,2017-10-02T05:32:13Z,404,0.354,1.0962
14.1622,5.1336,246,2.3405,56,154,416.3568,7.3,33.3333,,,0,0,0,2017-10-02T05:32:14Z,405,0.354,1.0961
14.0013,0,205,2.3444,54,155,416.3568,7.6,33.3333,,,0,0,0,2017-10-02T05:32:15Z,406,0.354,1.0961
13.6794,0,217,2.3482,54,155,416.6616,7.7,33.3333,,,0,0,0,2017-10-02T05:32:16Z,407,0.354,1.096
13.5185,0,201,2.3519,54,156,416.9664,7.6,33.3333,,,0,0,0,2017-10-02T05:32:17Z,408,0.354,1.096
13.6794,0,198,2.3557,54,156,417.2712,7,33.3333,,,0,0,0,2017-10-02T05:32:18Z,409,0.354,1.096
13.5185,0,191,2.3595,53,155,417.2712,6.7,33.3333,,,0,0,0,2017-10-02T05:32:19Z,410,0.354,1.096
13.3576,0,185,2.3632,53,156,417.2712,6.5,33.3333,,,0,0,0,2017-10-02T05:32:20Z,411,0.354,1.096
13.1966,0,143,2.3669,52,156,417.2712,6.2,33.3333,,,0,0,0,2017-10-02T05:32:21Z,412,0.354,1.0959
13.1966,0,137,2.3705,53,156,417.2712,5.6,33.3333,,,0,0,0,2017-10-02T05:32:22Z,413,0.354,1.0959
13.1966,5.1342,128,2.3742,52,156,417.576,5.1,33.3333,,,0,0,0,2017-10-02T05:32:23Z,414,0.354,1.0959
12.8748,0,113,2.3778,49,156,417.576,4.7,33.3333,,,0,0,0,2017-10-02T05:32:24Z,415,0.354,1.0958
12.231,0,154,2.3812,49,157,417.8808,5.1,33.3333,,,0,0,0,2017-10-02T05:32:25Z,416,0.354,1.0958
11.9091,0,138,2.3845,58,157,417.8808,5.5,33.3333,,,0,0,0,2017-10-02T05:32:26Z,417,0.354,1.0958
11.9091,0,184,2.3878,62,157,418.1856,6,33.3333,,,0,0,0,2017-10-02T05:32:27Z,418,0.354,1.0958
12.7138,0,189,2.3913,66,156,418.1856,5.7,33.3333,,,0,0,0,2017-10-02T05:32:28Z,419,0.354,1.0958
13.5185,0,142,2.3951,70,157,418.4904,4.7,33.3333,,,0,0,0,2017-10-02T05:32:29Z,420,0.354,1.0958
14.3232,0,145,2.399,72,157,418.7952,3.7,33.3333,,,0,0,0,2017-10-02T05:32:30Z,421,0.354,1.0958
14.806,8.1184,165,2.4032,73,157,418.7952,3,33.3333,,,0,0,0,2017-10-02T05:32:31Z,422,0.354,1.0957
14.9669,7.2614,157,2.4073,73,157,419.1,3,33.3333,,,0,0,0,2017-10-02T05:32:32Z,423,0.354,1.0957
14.9669,3.6307,157,2.4115,73,158,419.1,3.2,33.3333,,,0,0,0,2017-10-02T05:32:33Z,424,0.354,1.0957
14.9669,0,150,2.4156,73,159,419.4048,4,33.3333,,,0,0,0,2017-10-02T05:32:34Z,425,0.354,1.0957
14.806,3.6308,159,2.4197,71,160,419.4048,4.5,33.3333,,,0,0,0,2017-10-02T05:32:35Z,426,0.354,1.0956
14.645,3.6308,139,2.4238,71,160,419.7096,4.4,33.3333,,,0,0,0,2017-10-02T05:32:36Z,427,0.354,1.0956
14.3232,6.2946,183,2.4278,70,161,419.7096,4.8,33.8889,,,0,0,0,2017-10-02T05:32:37Z,428,0.354,1.0936
14.4841,9.6066,166,2.4318,71,162,420.0144,4.8,33.3333,,,0,0,0,2017-10-02T05:32:38Z,429,0.354,1.0956
14.645,6.289,208,2.4359,72,162,420.3192,4.9,33.3333,,,0,0,0,2017-10-02T05:32:39Z,430,0.354,1.0956
14.4841,0,201,2.4399,70,163,420.9288,5.6,33.3333,,,0,0,0,2017-10-02T05:32:40Z,431,0.354,1.0955
14.3232,3.6343,208,2.4439,70,163,420.9288,5.8,33.8889,,,0,0,0,2017-10-02T05:32:41Z,432,0.354,1.0935
14.645,6.2892,208,2.4479,72,163,421.2336,6,33.3333,,,0,0,0,2017-10-02T05:32:42Z,433,0.354,1.0955
14.806,8.1267,200,2.4521,73,164,421.5384,5.8,33.8889,,,0,0,0,2017-10-02T05:32:43Z,434,0.354,1.0935
14.806,5.1399,197,2.4562,73,164,421.8432,5.5,33.8889,,,0,0,0,2017-10-02T05:32:44Z,435,0.354,1.0935
14.9669,6.295,210,2.4603,73,164,422.148,5.4,33.8889,,,0,0,0,2017-10-02T05:32:45Z,436,0.354,1.0935
14.806,12.0543,217,2.4644,73,164,422.148,5.7,33.8889,,,0,0,0,2017-10-02T05:32:46Z,437,0.354,1.0934
14.806,16.6557,241,2.4686,72,164,422.7576,6.2,33.8889,,,0,0,0,2017-10-02T05:32:47Z,438,0.354,1.0934
14.4841,12.0549,228,2.4726,70,165,423.0624,6.7,33.8889,,,0,0,0,2017-10-02T05:32:48Z,439,0.354,1.0933
14.3232,10.9041,239,2.4766,69,165,423.3672,7,33.8889,,,0,0,0,2017-10-02T05:32:49Z,440,0.354,1.0933
14.1622,10.2807,236,2.4805,69,166,423.672,7.3,33.8889,,,0,0,0,2017-10-02T05:32:50Z,441,0.354,1.0933
14.0013,8.9035,231,2.4844,68,166,423.672,7.5,33.8889,,,0,0,0,2017-10-02T05:32:51Z,442,0.354,1.0932
13.8404,10.9047,257,2.4882,66,167,423.9768,7.8,33.8889,,,0,0,0,2017-10-02T05:32:52Z,443,0.354,1.0932
13.5185,9.6172,253,2.492,66,167,424.2816,8.1,33.8889,,,0,0,0,2017-10-02T05:32:53Z,444,0.354,1.0931
13.3576,8.9038,283,2.4957,64,168,424.5864,8.8,33.8889,,,0,0,0,2017-10-02T05:32:54Z,445,0.354,1.0931
12.8748,8.9041,286,2.4993,62,168,424.8912,9.5,33.8889,,,0,0,0,2017-10-02T05:32:55Z,446,0.354,1.0931
12.3919,7.2703,279,2.5027,60,169,424.8912,10.1,33.8889,,,0,0,0,2017-10-02T05:32:56Z,447,0.354,1.093
11.9091,3.6352,274,2.506,57,169,425.196,11,33.8889,,,0,0,0,2017-10-02T05:32:57Z,448,0.354,1.093
11.4263,0,185,2.5092,54,169,425.196,11,33.8889,,,0,0,0,2017-10-02T05:32:58Z,449,0.354,1.0929
10.7826,0,222,2.5122,64,169,425.5008,11.3,33.8889,,,0,0,0,2017-10-02T05:32:59Z,450,0.354,1.0929
9.6561,0,203,2.5149,62,170,425.8056,11.2,33.8889,,,0,0,0,2017-10-02T05:33:00Z,451,0.354,1.0929
9.6561,0,202,2.5176,63,169,426.1104,10.5,33.8889,,,0,0,0,2017-10-02T05:33:01Z,452,0.354,1.0929
9.817,0,221,2.5203,63,169,426.4152,10.5,33.8889,,,0,0,0,2017-10-02T05:33:02Z,453,0.354,1.0928
9.817,0,259,2.523,71,169,426.4152,10.3,33.8889,,,0,0,0,2017-10-02T05:33:03Z,454,0.354,1.0928
10.6217,0,273,2.526,75,169,426.72,10,33.8889,,,0,0,0,2017-10-02T05:33:04Z,455,0.354,1.0928
11.4263,0,219,2.5291,76,169,427.0248,9.6,33.8889,,,0,0,0,2017-10-02T05:33:05Z,456,0.354,1.0927
11.4263,0,193,2.5323,72,169,427.0248,9.3,33.8889,,,0,0,0,2017-10-02T05:33:06Z,457,0.354,1.0927
10.9435,0,212,2.5353,71,169,427.0248,8.8,33.8889,,,0,0,0,2017-10-02T05:33:07Z,458,0.354,1.0927
11.1045,0,207,2.5384,73,170,427.3296,8.4,33.8889,,,0,0,0,2017-10-02T05:33:08Z,459,0.354,1.0927
11.2654,0,196,2.5416,73,170,427.6344,8.3,33.8889,,,0,0,0,2017-10-02T05:33:09Z,460,0.354,1.0926
11.1045,0,155,2.5446,71,170,427.9392,7.8,33.8889,,,0,0,0,2017-10-02T05:33:10Z,461,0.354,1.0926
11.1045,0,178,2.5477,76,170,427.9392,7.1,33.8889,,,0,0,0,2017-10-02T05:33:11Z,462,0.354,1.0926
11.9091,0,192,2.551,81,171,428.5488,6.5,33.8889,,,0,0,0,2017-10-02T05:33:12Z,463,0.354,1.0925
12.3919,0,196,2.5545,79,170,428.8536,6.3,33.8889,,,0,0,0,2017-10-02T05:33:13Z,464,0.354,1.0925
12.231,0,191,2.5579,81,170,429.1584,6.3,33.8889,,,0,0,0,2017-10-02T05:33:14Z,465,0.354,1.0925
12.3919,0,200,2.5613,80,170,429.1584,6.7,33.8889,,,0,0,0,2017-10-02T05:33:15Z,466,0.354,1.0925
12.231,0,242,2.5647,80,170,429.768,7.6,33.8889,,,0,0,0,2017-10-02T05:33:16Z,467,0.354,1.0925
12.231,0,211,2.5681,79,170,429.768,7.9,33.8889,,,0,0,0,2017-10-02T05:33:17Z,468,0.354,1.0924
12.231,0,221,2.5715,80,170,430.0728,8,33.8889,,,0,0,0,2017-10-02T05:33:18Z,469,0.354,1.0924
12.0701,0,224,2.5749,78,170,430.3776,8.4,33.8889,,,0,0,0,2017-10-02T05:33:19Z,470,0.354,1.0924
11.9091,0,220,2.5782,76,171,430.3776,8.5,33.8889,,,0,0,0,2017-10-02T05:33:20Z,471,0.354,1.0923
11.7482,0,215,2.5814,76,171,430.6824,8.7,33.8889,,,0,0,0,2017-10-02T05:33:21Z,472,0.354,1.0923
11.5873,0,192,2.5847,76,171,430.9872,8.7,33.8889,,,0,0,0,2017-10-02T05:33:22Z,473,0.354,1.0922
11.5873,0,228,2.5879,74,172,431.292,8.6,33.8889,,,0,0,0,2017-10-02T05:33:23Z,474,0.354,1.0922
11.4263,0,237,2.591,73,173,431.5968,8.9,33.8889,,,0,0,0,2017-10-02T05:33:24Z,475,0.354,1.0921
11.2654,0,235,2.5942,73,173,431.9016,9.3,33.8889,,,0,0,0,2017-10-02T05:33:25Z,476,0.354,1.0921
10.9435,0,220,2.5972,69,173,431.9016,9.8,33.8889,,,0,0,0,2017-10-02T05:33:26Z,477,0.354,1.0921
10.6217,0,206,2.6002,68,173,432.2064,10,33.8889,,,0,0,0,2017-10-02T05:33:27Z,478,0.354,1.0921
10.6217,0,218,2.6031,67,173,432.5112,9.9,33.8889,,,0,0,0,2017-10-02T05:33:28Z,479,0.354,1.0921
10.2998,0,222,2.606,70,173,432.816,9.8,33.8889,,,0,0,0,2017-10-02T05:33:29Z,480,0.354,1.092
10.7826,0,231,2.609,71,173,433.1208,9.5,33.8889,,,0,0,0,2017-10-02T05:33:30Z,481,0.354,1.092
10.9435,0,236,2.612,72,173,433.4256,9.4,33.8889,,,0,0,0,2017-10-02T05:33:31Z,482,0.354,1.0919
11.2654,0,224,2.6151,74,174,433.7304,9.1,33.8889,,,0,0,0,2017-10-02T05:33:32Z,483,0.354,1.0919
11.4263,0,229,2.6183,74,174,433.7304,8.8,33.8889,,,0,0,0,2017-10-02T05:33:33Z,484,0.354,1.0919
11.5873,0,252,2.6215,75,175,434.0352,9.1,33.8889,,,0,0,0,2017-10-02T05:33:34Z,485,0.354,1.0919
11.4263,0,257,2.6247,73,175,434.0352,9.5,33.8889,,,0,0,0,2017-10-02T05:33:35Z,486,0.354,1.0918
11.1045,0,264,2.6278,67,175,434.0352,10.6,33.8889,,,0,0,0,2017-10-02T05:33:36Z,487,0.354,1.0918
10.2998,0,257,2.6307,64,175,434.34,11.7,33.8889,,,0,0,0,2017-10-02T05:33:37Z,488,0.354,1.0917
9.9779,0,172,2.6334,67,174,434.34,12,33.8889,,,0,0,0,2017-10-02T05:33:38Z,489,0.354,1.0917
10.1389,0,172,2.6362,66,174,434.6448,11.5,33.8889,,,0,0,0,2017-10-02T05:33:39Z,490,0.354,1.0917
10.2998,0,204,2.6391,71,174,434.6448,10.5,33.8889,,,0,0,0,2017-10-02T05:33:40Z,491,0.354,1.0916
11.1045,0,192,2.6422,77,174,434.9496,8.7,33.8889,,,0,0,0,2017-10-02T05:33:41Z,492,0.354,1.0916
12.0701,0,181,2.6455,83,175,434.9496,7,33.8889,,,0,0,0,2017-10-02T05:33:42Z,493,0.354,1.0916
12.7138,0,171,2.6491,86,175,435.2544,5.7,33.8889,,,0,0,0,2017-10-02T05:33:43Z,494,0.354,1.0916
13.3576,3.6376,152,2.6528,94,175,435.2544,4.3,33.8889,,,0,0,0,2017-10-02T05:33:44Z,495,0.354,1.0916
14.1622,9.6242,178,2.6567,96,175,435.5592,3.4,33.8889,,,0,0,0,2017-10-02T05:33:45Z,496,0.354,1.0916
14.645,8.9103,180,2.6608,100,176,436.1688,3.3,33.8889,,,0,0,0,2017-10-02T05:33:46Z,497,0.354,1.0916
15.4497,8.9105,173,2.6651,103,176,436.4736,3.1,33.8889,,,0,0,0,2017-10-02T05:33:47Z,498,0.354,1.0915
15.7716,8.9105,164,2.6695,104,177,436.7784,3.2,33.8889,,,0,0,0,2017-10-02T05:33:48Z,499,0.354,1.0915
15.9325,6.3008,196,2.6739,103,177,437.0832,3.6,33.8889,,,0,0,0,2017-10-02T05:33:49Z,500,0.354,1.0915
15.6106,6.3008,183,2.6782,101,178,437.0832,4.2,33.8889,,,0,0,0,2017-10-02T05:33:50Z,501,0.354,1.0915
15.6106,6.3009,252,2.6826,102,178,437.388,5.1,33.8889,,,0,0,0,2017-10-02T05:33:51Z,502,0.354,1.0914
15.7716,9.6248,298,2.6869,102,178,437.6928,6.4,33.8889,,,0,0,0,2017-10-02T05:33:52Z,503,0.354,1.0914
15.4497,6.301,259,2.6912,96,179,437.6928,7.5,33.8889,,,0,0,0,2017-10-02T05:33:53Z,504,0.354,1.0914
14.645,10.2899,299,2.6953,93,179,437.9976,8.7,33.8889,,,0,0,0,2017-10-02T05:33:54Z,505,0.354,1.0913
14.1622,8.9115,258,2.6992,91,179,438.3024,9.3,33.8889,,,0,0,0,2017-10-02T05:33:55Z,506,0.354,1.0913
13.8404,10.9145,193,2.7031,88,179,438.6072,9,33.8889,,,0,0,0,2017-10-02T05:33:56Z,507,0.354,1.0912
13.8404,12.0666,127,2.7069,90,179,439.2168,8,33.8889,,,0,0,0,2017-10-02T05:33:57Z,508,0.354,1.0912
13.8404,3.6382,166,2.7108,90,180,439.2168,6.9,33.8889,,,0,0,0,2017-10-02T05:33:58Z,509,0.354,1.0912
14.1622,3.6383,164,2.7147,92,180,439.5216,5.7,33.8889,,,0,0,0,2017-10-02T05:33:59Z,510,0.354,1.0912
14.1622,0,236,2.7186,95,180,439.8264,5.4,33.8889,,,0,0,0,2017-10-02T05:34:00Z,511,0.354,1.0911
14.4841,0,285,2.7227,95,181,440.436,6.1,33.8889,,,0,0,0,2017-10-02T05:34:01Z,512,0.354,1.0911
14.4841,0,266,2.7267,92,181,440.7408,6.9,33.8889,,,0,0,0,2017-10-02T05:34:02Z,513,0.354,1.0911
13.6794,0,269,2.7305,89,181,441.0456,8.6,33.8889,,,0,0,0,2017-10-02T05:34:03Z,514,0.354,1.091
13.0357,0,257,2.7341,82,181,441.6552,9.8,33.8889,,,0,0,0,2017-10-02T05:34:04Z,515,0.354,1.091
12.5529,0,276,2.7376,81,181,441.96,10.6,33.8889,,,0,0,0,2017-10-02T05:34:05Z,516,0.354,1.0909
12.5529,0,309,2.7411,83,181,442.2648,11.1,33.8889,,,0,0,0,2017-10-02T05:34:06Z,517,0.354,1.0909
12.7138,0,302,2.7446,84,181,442.8744,10.9,33.8889,,,0,0,0,2017-10-02T05:34:07Z,518,0.354,1.0909
12.5529,0,304,2.7481,79,181,443.1792,11.3,33.8889,,,0,0,0,2017-10-02T05:34:08Z,519,0.354,1.0908
12.0701,0,297,2.7514,78,181,444.0936,11.6,33.8889,,,0,0,0,2017-10-02T05:34:09Z,520,0.354,1.0908
11.9091,0,295,2.7547,77,181,444.3984,11.7,33.8889,,,0,0,0,2017-10-02T05:34:10Z,521,0.354,1.0907
11.7482,0,323,2.758,76,181,445.008,12.4,33.8889,,,0,0,0,2017-10-02T05:34:11Z,522,0.354,1.0907
11.5873,0,356,2.7612,76,181,445.3128,13.1,33.8889,,,0,0,0,2017-10-02T05:34:12Z,523,0.354,1.0906
11.5873,0,357,2.7645,75,181,445.6176,13.5,33.8889,,,0,0,0,2017-10-02T05:34:13Z,524,0.354,1.0906
11.4263,0,370,2.7676,73,181,445.9224,14.5,33.8889,,,0,0,0,2017-10-02T05:34:14Z,525,0.354,1.0905
11.2654,0,387,2.7708,73,181,445.9224,15.3,33.8889,,,0,0,0,2017-10-02T05:34:15Z,526,0.354,1.0904
10.9435,0,373,2.7738,72,181,445.9224,15.8,33.8889,,,0,0,0,2017-10-02T05:34:16Z,527,0.354,1.0904
10.4607,0,335,2.7767,67,181,446.2272,16.4,33.8889,,,0,0,0,2017-10-02T05:34:17Z,528,0.354,1.0903
10.1389,0,324,2.7795,66,182,446.532,16.2,33.8889,,,0,0,0,2017-10-02T05:34:18Z,529,0.354,1.0902
10.1389,0,291,2.7823,70,181,446.8368,15.6,33.8889,,,0,0,0,2017-10-02T05:34:19Z,530,0.354,1.0902
10.6217,3.64,222,2.7853,76,181,447.1416,14.4,33.8889,,,0,0,0,2017-10-02T05:34:20Z,531,0.354,1.0901
12.0701,10.2957,132,2.7886,81,182,447.4464,12.6,33.8889,,,0,0,0,2017-10-02T05:34:21Z,532,0.354,1.0901
12.7138,0,116,2.7922,88,182,447.7512,10.6,33.8889,,,0,0,0,2017-10-02T05:34:22Z,533,0.354,1.09
13.6794,5.1479,165,2.796,92,182,448.3608,8.6,33.8889,,,0,0,0,2017-10-02T05:34:23Z,534,0.354,1.09
14.1622,12.073,196,2.7999,93,182,448.6656,7,33.8889,,,0,0,0,2017-10-02T05:34:24Z,535,0.354,1.09
14.3232,10.9206,221,2.8039,93,182,448.9704,6.3,33.8889,,,0,0,0,2017-10-02T05:34:25Z,536,0.354,1.09
13.8404,9.6313,279,2.8077,90,182,449.2752,6.6,33.8889,,,0,0,0,2017-10-02T05:34:26Z,537,0.354,1.09
14.0013,10.921,228,2.8116,88,182,449.58,6.9,33.8889,,,0,0,0,2017-10-02T05:34:27Z,538,0.354,1.0899
13.8404,3.6404,248,2.8155,84,183,449.8848,7.8,33.8889,,,0,0,0,2017-10-02T05:34:28Z,539,0.354,1.0899
12.7138,0,270,2.819,81,183,450.1896,8.8,33.8889,,,0,0,0,2017-10-02T05:34:29Z,540,0.354,1.0898
12.231,0,279,2.8224,75,183,450.7992,9.5,33.8889,,,0,0,0,2017-10-02T05:34:30Z,541,0.354,1.0898
11.4263,0,272,2.8256,72,184,450.7992,10.8,33.8889,,,0,0,0,2017-10-02T05:34:31Z,542,0.354,1.0897
11.1045,0,299,2.8286,70,184,451.4088,12.1,33.8889,,,0,0,0,2017-10-02T05:34:32Z,543,0.354,1.0897
10.6217,0,287,2.8316,69,184,451.4088,12.6,33.8889,,,0,0,0,2017-10-02T05:34:33Z,544,0.354,1.0896
10.4607,0,258,2.8345,67,184,451.7136,12.8,33.8889,,,0,0,0,2017-10-02T05:34:34Z,545,0.354,1.0896
10.1389,0,259,2.8373,66,184,451.7136,12.8,33.8889,,,0,0,0,2017-10-02T05:34:35Z,546,0.354,1.0896
9.9779,0,247,2.8401,65,184,452.0184,12.1,33.8889,,,0,0,0,2017-10-02T05:34:36Z,547,0.354,1.0895
9.9779,0,237,2.8429,65,184,452.0184,11.6,33.8889,,,0,0,0,2017-10-02T05:34:37Z,548,0.354,1.0895
10.2998,0,216,2.8457,71,184,452.3232,10.6,33.8889,,,0,0,0,2017-10-02T05:34:38Z,549,0.354,1.0894
10.7826,6.3068,179,2.8487,70,184,452.3232,9.1,33.8889,,,0,0,0,2017-10-02T05:34:39Z,550,0.354,1.0894
10.7826,8.1423,127,2.8517,72,184,452.628,7.5,33.8889,,,0,0,0,2017-10-02T05:34:40Z,551,0.354,1.0893
10.9435,8.9194,134,2.8548,71,184,453.2376,6.1,33.8889,,,0,0,0,2017-10-02T05:34:41Z,552,0.354,1.0893
10.9435,0,128,2.8578,77,184,453.5424,5,33.8889,,,0,0,0,2017-10-02T05:34:42Z,553,0.354,1.0893
11.7482,0,179,2.8611,79,184,453.8472,4.5,33.8889,,,0,0,0,2017-10-02T05:34:43Z,554,0.354,1.0893
12.0701,0,240,2.8644,78,184,454.152,4.8,33.8889,,,0,0,0,2017-10-02T05:34:44Z,555,0.354,1.0892
11.7482,0,252,2.8677,73,184,454.7616,5.6,33.8889,,,0,0,0,2017-10-02T05:34:45Z,556,0.354,1.0892
10.9435,0,234,2.8707,67,184,455.0664,7.1,33.8889,,,0,0,0,2017-10-02T05:34:46Z,557,0.354,1.0892
9.9779,0,264,2.8735,64,184,455.3712,9.1,33.8889,,,0,0,0,2017-10-02T05:34:47Z,558,0.354,1.0892
9.4951,0,266,2.8761,61,183,455.9808,11,33.8889,,,0,0,0,2017-10-02T05:34:48Z,559,0.354,1.0892
9.4951,0,281,2.8788,59,184,456.2856,12.5,33.8889,,,0,0,0,2017-10-02T05:34:49Z,560,0.354,1.0891
9.0123,0,277,2.8813,60,184,456.8952,13.8,33.8889,,,0,0,0,2017-10-02T05:34:50Z,561,0.354,1.089
9.1733,0,290,2.8838,59,184,457.5048,14.3,33.8889,,,0,0,0,2017-10-02T05:34:51Z,562,0.354,1.089
9.0123,0,310,2.8863,59,184,457.8096,14.8,33.8889,,,0,0,0,2017-10-02T05:34:52Z,563,0.354,1.089
8.8514,0,279,2.8888,57,184,458.1144,15,33.8889,,,0,0,0,2017-10-02T05:34:53Z,564,0.354,1.0889
8.6905,0,314,2.8912,56,184,458.4192,15.5,33.8889,,,0,0,0,2017-10-02T05:34:54Z,565,0.354,1.0888
8.5295,0,314,2.8936,56,184,458.4192,16.4,33.8889,,,0,0,0,2017-10-02T05:34:55Z,566,0.354,1.0888
8.6905,0,310,2.896,56,184,459.0288,16.3,33.8889,,,0,0,0,2017-10-02T05:34:56Z,567,0.354,1.0887
8.6905,0,313,2.8984,56,185,459.0288,16.9,33.8889,,,0,0,0,2017-10-02T05:34:57Z,568,0.354,1.0887
8.5295,0,261,2.9008,55,185,459.6384,16.5,33.8889,,,0,0,0,2017-10-02T05:34:58Z,569,0.354,1.0886
8.3686,0,229,2.9031,54,184,459.6384,15.5,33.8889,,,0,0,0,2017-10-02T05:34:59Z,570,0.354,1.0885
7.7249,0,227,2.9052,52,185,460.248,15.5,33.8889,,,0,0,0,2017-10-02T05:35:00Z,571,0.354,1.0885
7.7249,0,234,2.9074,52,185,460.5528,14.5,33.8889,,,0,0,0,2017-10-02T05:35:01Z,572,0.354,1.0884
7.8858,0,232,2.9096,52,185,460.8576,14.2,33.8889,,,0,0,0,2017-10-02T05:35:02Z,573,0.354,1.0884
8.0467,0,241,2.9118,52,185,461.1624,14.1,33.8889,,,0,0,0,2017-10-02T05:35:03Z,574,0.354,1.0884
8.0467,0,250,2.914,54,186,461.4672,13.8,33.8889,,,0,0,0,2017-10-02T05:35:04Z,575,0.354,1.0883
8.3686,0,251,2.9164,55,186,461.772,13.7,33.8889,,,0,0,0,2017-10-02T05:35:05Z,576,0.354,1.0883
8.6905,0,219,2.9188,58,186,462.0768,12.8,33.8889,,,0,0,0,2017-10-02T05:35:06Z,577,0.354,1.0882
8.8514,0,222,2.9212,57,186,462.6864,12.5,33.8889,,,0,0,0,2017-10-02T05:35:07Z,578,0.354,1.0882
8.6905,0,257,2.9236,57,187,462.9912,12.5,33.8889,,,0,0,0,2017-10-02T05:35:08Z,579,0.354,1.0882
8.8514,0,253,2.9261,58,187,463.296,12.3,33.8889,,,0,0,0,2017-10-02T05:35:09Z,580,0.354,1.0881
8.6905,0,232,2.9285,55,187,463.296,12.8,33.8889,,,0,0,0,2017-10-02T05:35:10Z,581,0.354,1.0881
8.3686,0,240,2.9308,55,187,463.6008,13.3,33.8889,,,0,0,0,2017-10-02T05:35:11Z,582,0.354,1.088
8.3686,0,249,2.9332,55,186,463.9056,13.3,33.8889,,,0,0,0,2017-10-02T05:35:12Z,583,0.354,1.088
8.3686,0,236,2.9355,56,187,464.5152,13.3,33.8889,,,0,0,0,2017-10-02T05:35:13Z,584,0.354,1.088
8.5295,0,271,2.9379,56,187,464.5152,13.6,33.8889,,,0,0,0,2017-10-02T05:35:14Z,585,0.354,1.0879
8.5295,0,246,2.9402,55,187,464.82,13.4,33.8889,,,0,0,0,2017-10-02T05:35:15Z,586,0.354,1.0878
8.5295,0,257,2.9426,55,187,465.1248,13.6,33.8889,,,0,0,0,2017-10-02T05:35:16Z,587,0.354,1.0878
8.3686,0,251,2.9449,55,187,465.4296,14,33.8889,,,0,0,0,2017-10-02T05:35:17Z,588,0.354,1.0878
8.3686,0,226,2.9472,54,187,465.7344,13.6,33.8889,,,0,0,0,2017-10-02T05:35:18Z,589,0.354,1.0878
8.3686,0,231,2.9496,54,188,465.7344,13.5,33.8889,,,0,0,0,2017-10-02T05:35:19Z,590,0.354,1.0877
8.2077,0,223,2.9518,54,188,466.0392,13,33.8889,,,0,0,0,2017-10-02T05:35:20Z,591,0.354,1.0877
8.2077,0,220,2.9541,53,188,466.0392,12.6,33.8889,,,0,0,0,2017-10-02T05:35:21Z,592,0.354,1.0876
8.2077,0,206,2.9564,54,188,466.344,12.3,33.8889,,,0,0,0,2017-10-02T05:35:22Z,593,0.354,1.0876
8.2077,0,211,2.9587,54,188,466.344,12.1,33.8889,,,0,0,0,2017-10-02T05:35:23Z,594,0.354,1.0876
8.3686,0,200,2.961,56,188,466.9536,11.5,33.8889,,,0,0,0,2017-10-02T05:35:24Z,595,0.354,1.0875
8.5295,0,191,2.9634,56,188,466.9536,10.9,33.8889,,,0,0,0,2017-10-02T05:35:25Z,596,0.354,1.0875
8.6905,0,168,2.9658,57,188,466.9536,10.1,33.8889,,,0,0,0,2017-10-02T05:35:26Z,597,0.354,1.0875
8.5295,0,191,2.9682,55,188,466.9536,9.8,33.8889,,,0,0,0,2017-10-02T05:35:27Z,598,0.354,1.0875
8.3686,0,171,2.9705,55,188,466.9536,9.6,33.8889,,,0,0,0,2017-10-02T05:35:28Z,599,0.354,1.0874
8.5295,0,171,2.9729,55,188,467.2584,9.4,33.8889,,,0,0,0,2017-10-02T05:35:29Z,600,0.354,1.0874
8.5295,0,150,2.9752,56,188,467.2584,9.2,33.8889,,,0,0,0,2017-10-02T05:35:30Z,601,0.354,1.0874
8.6905,0,149,2.9776,59,188,467.5632,8.4,33.8889,,,0,0,0,2017-10-02T05:35:31Z,602,0.354,1.0874
9.1733,0,140,2.9802,60,188,468.1728,7.5,33.8889,,,0,0,0,2017-10-02T05:35:32Z,603,0.354,1.0873
9.1733,0,146,2.9827,60,187,468.4776,7.1,33.8889,,,0,0,0,2017-10-02T05:35:33Z,604,0.354,1.0873
9.3342,0,113,2.9853,61,187,468.7824,6.5,33.8889,,,0,0,0,2017-10-02T05:35:34Z,605,0.354,1.0873
9.0123,0,126,2.9878,57,188,469.0872,6.5,33.8889,,,0,0,0,2017-10-02T05:35:35Z,606,0.354,1.0873
5.4718,0,97,2.9894,66,187,469.392,7.3,33.8889,,,0,0,0,2017-10-02T05:35:36Z,607,0.354,1.0873
0.3219,0,0,2.9894,61,187,470.0016,7.5,33.8889,,,0,0,0,2017-10-02T05:35:37Z,608,0.354,1.0873
8.0467,0,231,2.9917,59,187,470.3064,7.7,33.8889,,,0,0,0,2017-10-02T05:35:38Z,609,0.354,1.0873
9.0123,0,269,2.9942,59,187,470.6112,7.9,33.8889,,,0,0,0,2017-10-02T05:35:39Z,610,0.354,1.0872
8.8514,0,280,2.9966,58,187,470.916,8.1,33.8889,,,0,0,0,2017-10-02T05:35:40Z,611,0.354,1.0871
8.6905,0,262,2.9991,55,187,471.2208,9.1,33.8889,,,0,0,0,2017-10-02T05:35:41Z,612,0.354,1.0871
8.5295,0,223,3.0014,55,186,471.5256,10.7,33.8889,,,0,0,0,2017-10-02T05:35:42Z,613,0.354,1.0871
8.3686,0,244,3.0038,54,187,471.8304,12.2,33.8889,,,0,0,0,2017-10-02T05:35:43Z,614,0.354,1.087
8.3686,0,256,3.0061,56,187,472.1352,12.9,33.8889,,,0,0,0,2017-10-02T05:35:44Z,615,0.354,1.087
8.5295,0,261,3.0084,52,186,472.44,13.6,33.8889,,,0,0,0,2017-10-02T05:35:45Z,616,0.354,1.0869
8.0467,0,270,3.0107,52,187,473.0496,14.6,33.8889,,,0,0,0,2017-10-02T05:35:46Z,617,0.354,1.0869
8.0467,0,285,3.0129,53,187,473.0496,15.1,33.8889,,,0,0,0,2017-10-02T05:35:47Z,618,0.354,1.0868
8.3686,0,285,3.0152,55,187,473.6592,15.5,33.8889,,,0,0,0,2017-10-02T05:35:48Z,619,0.354,1.0868
8.3686,0,299,3.0176,54,187,473.964,16,33.8889,,,0,0,0,2017-10-02T05:35:49Z,620,0.354,1.0867
8.2077,0,284,3.0198,53,187,474.2688,16.1,33.8889,,,0,0,0,2017-10-02T05:35:50Z,621,0.354,1.0867
8.2077,0,251,3.0221,54,188,474.2688,15.8,33.8889,,,0,0,0,2017-10-02T05:35:51Z,622,0.354,1.0867
8.2077,0,187,3.0244,55,188,474.5736,15.3,33.8889,,,0,0,0,2017-10-02T05:35:52Z,623,0.354,1.0866
8.5295,0,233,3.0268,56,188,474.8784,14,33.8889,,,0,0,0,2017-10-02T05:35:53Z,624,0.354,1.0866
8.5295,0,216,3.0291,57,188,475.1832,12.8,33.8889,,,0,0,0,2017-10-02T05:35:54Z,625,0.354,1.0865
8.8514,0,228,3.0316,60,188,475.488,11.8,33.8889,,,0,0,0,2017-10-02T05:35:55Z,626,0.354,1.0865
9.0123,0,233,3.0341,58,189,475.488,11.6,33.8889,,,0,0,0,2017-10-02T05:35:56Z,627,0.354,1.0864
8.8514,0,205,3.0366,56,189,475.7928,11.5,33.8889,,,0,0,0,2017-10-02T05:35:57Z,628,0.354,1.0864
8.6905,0,209,3.039,58,189,475.7928,11.3,33.8889,,,0,0,0,2017-10-02T05:35:58Z,629,0.354,1.0863
8.8514,0,199,3.0414,57,189,476.0976,11.1,33.8889,,,0,0,0,2017-10-02T05:35:59Z,630,0.354,1.0863
8.6905,0,190,3.0439,57,189,476.0976,10.7,33.8889,,,0,0,0,2017-10-02T05:36:00Z,631,0.354,1.0863
8.6905,0,208,3.0463,57,189,476.7072,10.4,33.8889,,,0,0,0,2017-10-02T05:36:01Z,632,0.354,1.0863
9.0123,0,205,3.0488,59,189,477.012,10.4,33.8889,,,0,0,0,2017-10-02T05:36:02Z,633,0.354,1.0862
8.6905,0,144,3.0512,57,189,477.3168,9.9,33.8889,,,0,0,0,2017-10-02T05:36:03Z,634,0.354,1.0862
8.6905,0,189,3.0536,57,189,477.3168,9.6,33.8889,,,0,0,0,2017-10-02T05:36:04Z,635,0.354,1.0862
9.1733,0,183,3.0561,62,189,477.6216,8.9,33.8889,,,0,0,0,2017-10-02T05:36:05Z,636,0.354,1.0861
9.9779,0,175,3.0589,68,189,477.9264,7.7,33.8889,,,0,0,0,2017-10-02T05:36:06Z,637,0.354,1.0861
10.2998,0,219,3.0618,71,189,478.2312,7.5,33.8889,,,0,0,0,2017-10-02T05:36:07Z,638,0.354,1.0861
10.6217,0,188,3.0647,70,189,478.536,7,33.8889,,,0,0,0,2017-10-02T05:36:08Z,639,0.354,1.0861
10.7826,0,206,3.0677,69,189,478.536,7.5,33.8889,,,0,0,0,2017-10-02T05:36:09Z,640,0.354,1.086
10.4607,0,204,3.0706,66,189,478.536,8.6,33.8889,,,0,0,0,2017-10-02T05:36:10Z,641,0.354,1.086
10.1389,0,203,3.0734,65,189,478.8408,9.1,33.8889,,,0,0,0,2017-10-02T05:36:11Z,642,0.354,1.0859
9.9779,0,189,3.0762,66,189,479.1456,9.4,33.8889,,,0,0,0,2017-10-02T05:36:12Z,643,0.354,1.0859
10.2998,0,200,3.0791,69,189,479.1456,9.1,33.8889,,,0,0,0,2017-10-02T05:36:13Z,644,0.354,1.0859
10.6217,0,200,3.082,68,189,479.7552,8.8,33.8889,,,0,0,0,2017-10-02T05:36:14Z,645,0.354,1.0859
10.4607,0,191,3.0849,68,189,479.7552,8.5,33.8889,,,0,0,0,2017-10-02T05:36:15Z,646,0.354,1.0858
10.2998,0,185,3.0878,68,189,480.06,8.5,33.8889,,,0,0,0,2017-10-02T05:36:16Z,647,0.354,1.0858
10.4607,0,176,3.0907,68,189,480.06,8.2,33.8889,,,0,0,0,2017-10-02T05:36:17Z,648,0.354,1.0858
10.2998,0,176,3.0936,65,189,480.3648,8.3,33.8889,,,0,0,0,2017-10-02T05:36:18Z,649,0.354,1.0858
10.1389,0,171,3.0964,66,189,480.3648,8,33.8889,,,0,0,0,2017-10-02T05:36:19Z,650,0.354,1.0857
10.1389,0,174,3.0992,65,189,480.3648,7.9,33.8889,,,0,0,0,2017-10-02T05:36:20Z,651,0.354,1.0857
9.9779,0,161,3.102,65,189,480.6696,8,33.8889,,,0,0,0,2017-10-02T05:36:21Z,652,0.354,1.0857
10.1389,0,150,3.1048,67,190,480.6696,7.1,33.8889,,,0,0,0,2017-10-02T05:36:22Z,653,0.354,1.0856
10.1389,0,146,3.1076,65,189,480.6696,6.9,33.8889,,,0,0,0,2017-10-02T05:36:23Z,654,0.354,1.0856
10.1389,0,169,3.1104,66,189,480.9744,6.9,33.8889,,,0,0,0,2017-10-02T05:36:24Z,655,0.354,1.0856
10.1389,0,173,3.1132,67,189,481.2792,6.8,33.8889,,,0,0,0,2017-10-02T05:36:25Z,656,0.354,1.0856
10.2998,0,143,3.1161,70,189,481.584,6.7,33.8889,,,0,0,0,2017-10-02T05:36:26Z,657,0.354,1.0855
10.7826,0,108,3.1191,73,189,481.8888,5.9,33.8889,,,0,0,0,2017-10-02T05:36:27Z,658,0.354,1.0855
10.9435,0,76,3.1221,72,189,482.1936,4.7,33.8889,,,0,0,0,2017-10-02T05:36:28Z,659,0.354,1.0855
11.4263,0,84,3.1253,78,189,482.8032,3.2,33.8889,,,0,0,0,2017-10-02T05:36:29Z,660,0.354,1.0855
11.9091,0,104,3.1286,78,189,483.108,2.5,33.8889,,,0,0,0,2017-10-02T05:36:30Z,661,0.354,1.0855
11.9091,0,124,3.1319,78,189,483.4128,2.9,33.8889,,,0,0,0,2017-10-02T05:36:31Z,662,0.354,1.0855
11.9091,0,213,3.1352,77,189,483.7176,3.8,33.8889,,,0,0,0,2017-10-02T05:36:32Z,663,0.354,1.0855
11.7482,0,240,3.1385,74,189,484.0224,5.6,33.8889,,,0,0,0,2017-10-02T05:36:33Z,664,0.354,1.0854
11.4263,0,298,3.1417,73,190,484.632,7.6,33.8889,,,0,0,0,2017-10-02T05:36:34Z,665,0.354,1.0854
11.1045,0,296,3.1447,72,190,484.9368,9.6,33.8889,,,0,0,0,2017-10-02T05:36:35Z,666,0.354,1.0853
10.9435,0,334,3.1478,70,190,485.2416,11.6,33.8889,,,0,0,0,2017-10-02T05:36:36Z,667,0.354,1.0853
10.7826,0,299,3.1508,71,190,485.5464,12.7,33.8889,,,0,0,0,2017-10-02T05:36:37Z,668,0.354,1.0852
10.9435,0,284,3.1538,71,190,485.8512,12.9,33.8889,,,0,0,0,2017-10-02T05:36:38Z,669,0.354,1.0852
10.7826,0,263,3.1568,71,190,486.156,12.6,33.8889,,,0,0,0,2017-10-02T05:36:39Z,670,0.354,1.0851
10.7826,0,242,3.1598,69,190,486.4608,11.6,33.8889,,,0,0,0,2017-10-02T05:36:40Z,671,0.354,1.0851
10.6217,0,254,3.1628,69,190,486.7656,11.2,33.8889,,,0,0,0,2017-10-02T05:36:41Z,672,0.354,1.0851
10.4607,0,249,3.1657,68,190,487.0704,11.1,33.8889,,,0,0,0,2017-10-02T05:36:42Z,673,0.354,1.085
10.2998,0,260,3.1685,65,190,487.3752,11.5,33.8889,,,0,0,0,2017-10-02T05:36:43Z,674,0.354,1.0849
9.817,0,219,3.1713,65,190,487.68,11.6,33.8889,,,0,0,0,2017-10-02T05:36:44Z,675,0.354,1.0849
9.9779,0,247,3.174,67,190,487.9848,11.6,33.8889,,,0,0,0,2017-10-02T05:36:45Z,676,0.354,1.0849
10.1389,0,235,3.1768,67,190,488.2896,11.4,33.8889,,,0,0,0,2017-10-02T05:36:46Z,677,0.354,1.0848
10.2998,0,241,3.1797,68,190,488.5944,10.7,33.8889,,,0,0,0,2017-10-02T05:36:47Z,678,0.354,1.0848
10.4607,0,238,3.1826,67,190,488.8992,10.6,33.8889,,,0,0,0,2017-10-02T05:36:48Z,679,0.354,1.0847
10.2998,0,247,3.1855,66,191,489.204,10.6,33.8889,,,0,0,0,2017-10-02T05:36:49Z,680,0.354,1.0847
10.2998,0,234,3.1883,68,191,489.5088,10.5,33.8889,,,0,0,0,2017-10-02T05:36:50Z,681,0.354,1.0847
10.2998,0,247,3.1912,68,190,489.8136,10.8,33.8889,,,0,0,0,2017-10-02T05:36:51Z,682,0.354,1.0846
10.2998,0,243,3.1941,68,191,490.1184,10.8,33.8889,,,0,0,0,2017-10-02T05:36:52Z,683,0.354,1.0846
10.4607,0,246,3.197,67,191,490.4232,10.7,33.8889,,,0,0,0,2017-10-02T05:36:53Z,684,0.354,1.0846
10.1389,0,234,3.1998,67,191,490.4232,11,33.8889,,,0,0,0,2017-10-02T05:36:54Z,685,0.354,1.0845
10.2998,0,188,3.2026,67,191,490.728,10.5,33.8889,,,0,0,0,2017-10-02T05:36:55Z,686,0.354,1.0845
10.1389,6.3212,207,3.2055,65,191,490.728,10.2,33.8889,,,0,0,0,2017-10-02T05:36:56Z,687,0.354,1.0844
9.9779,6.3213,210,3.2082,65,191,491.0328,9.8,33.8889,,,0,0,0,2017-10-02T05:36:57Z,688,0.354,1.0844
10.1389,7.2993,216,3.211,67,191,491.3376,9.2,33.8889,,,0,0,0,2017-10-02T05:36:58Z,689,0.354,1.0844
10.4607,10.9492,192,3.2139,69,191,491.6424,8.6,33.8889,,,0,0,0,2017-10-02T05:36:59Z,690,0.354,1.0843
10.4607,10.9494,226,3.2169,68,191,492.252,8.5,33.8889,,,0,0,0,2017-10-02T05:37:00Z,691,0.354,1.0843
10.6217,8.9403,232,3.2198,72,192,492.252,8.1,33.8889,,,0,0,0,2017-10-02T05:37:01Z,692,0.354,1.0842
10.9435,12.6435,235,3.2228,72,192,492.8616,8.1,33.8889,,,0,0,0,2017-10-02T05:37:02Z,693,0.354,1.0842
11.1045,7.2999,220,3.2259,71,192,492.8616,8.5,33.8889,,,0,0,0,2017-10-02T05:37:03Z,694,0.354,1.0842
10.7826,0,215,3.2289,69,192,493.4712,8.8,33.8889,,,0,0,0,2017-10-02T05:37:04Z,695,0.354,1.0842
10.4607,0,233,3.2318,68,193,493.4712,9.5,33.8889,,,0,0,0,2017-10-02T05:37:05Z,696,0.354,1.0842
10.1389,0,213,3.2346,66,192,494.0808,10,33.8889,,,0,0,0,2017-10-02T05:37:06Z,697,0.354,1.0841
9.9779,0,230,3.2374,65,192,494.3856,10.5,33.8889,,,0,0,0,2017-10-02T05:37:07Z,698,0.354,1.0841
9.817,0,240,3.2401,64,193,494.6904,10.9,33.8889,,,0,0,0,2017-10-02T05:37:08Z,699,0.354,1.084
9.817,0,247,3.2429,64,192,494.6904,11.1,33.8889,,,0,0,0,2017-10-02T05:37:09Z,700,0.354,1.084
9.6561,0,266,3.2456,63,192,494.9952,11.8,33.8889,,,0,0,0,2017-10-02T05:37:10Z,701,0.354,1.0839
9.4951,0,285,3.2482,62,192,495.3,12.7,33.8889,,,0,0,0,2017-10-02T05:37:11Z,702,0.354,1.0839
9.3342,0,278,3.2508,59,192,495.6048,13.4,33.8889,,,0,0,0,2017-10-02T05:37:12Z,703,0.354,1.0838
9.0123,0,299,3.2533,59,192,496.2144,14.4,33.8889,,,0,0,0,2017-10-02T05:37:13Z,704,0.354,1.0838
9.1733,0,289,3.2558,59,192,496.5192,14.7,33.8889,,,0,0,0,2017-10-02T05:37:14Z,705,0.354,1.0838
9.0123,0,288,3.2583,60,192,497.1288,15,33.8889,,,0,0,0,2017-10-02T05:37:15Z,706,0.354,1.0837
8.5295,0,275,3.2607,60,192,497.1288,14.8,33.8889,,,0,0,0,2017-10-02T05:37:16Z,707,0.354,1.0837
9.0123,0,280,3.2632,59,192,497.7384,14.5,33.8889,,,0,0,0,2017-10-02T05:37:17Z,708,0.354,1.0837
9.0123,0,288,3.2657,59,192,497.7384,14.6,33.8889,,,0,0,0,2017-10-02T05:37:18Z,709,0.354,1.0836
9.0123,0,289,3.2682,59,192,498.348,14.4,33.8889,,,0,0,0,2017-10-02T05:37:19Z,710,0.354,1.0836
9.0123,0,288,3.2707,59,192,498.6528,14.7,33.8889,,,0,0,0,2017-10-02T05:37:20Z,711,0.354,1.0836
9.0123,0,288,3.2732,58,192,498.9576,14.8,33.8889,,,0,0,0,2017-10-02T05:37:21Z,712,0.354,1.0835
8.8514,0,281,3.2757,58,192,499.2624,14.9,33.8889,,,0,0,0,2017-10-02T05:37:22Z,713,0.354,1.0834
8.6905,0,286,3.2781,57,193,499.5672,15,33.8889,,,0,0,0,2017-10-02T05:37:23Z,714,0.354,1.0834
8.6905,0,295,3.2805,56,192,500.1768,15.3,33.8889,,,0,0,0,2017-10-02T05:37:24Z,715,0.354,1.0834
8.5295,0,281,3.2829,55,193,500.4816,15.5,33.8889,,,0,0,0,2017-10-02T05:37:25Z,716,0.354,1.0833
8.5295,0,295,3.2853,55,193,500.7864,15.9,33.8889,,,0,0,0,2017-10-02T05:37:26Z,717,0.354,1.0833
8.3686,0,282,3.2876,56,193,501.0912,15.9,33.8889,,,0,0,0,2017-10-02T05:37:27Z,718,0.354,1.0832
8.5295,0,280,3.2899,55,193,501.396,15.5,33.8889,,,0,0,0,2017-10-02T05:37:28Z,719,0.354,1.0832
8.3686,0,281,3.2923,53,193,501.7008,15.8,33.8889,,,0,0,0,2017-10-02T05:37:29Z,720,0.354,1.0831
7.5639,0,255,3.2944,54,192,502.0056,16.3,33.8889,,,0,0,0,2017-10-02T05:37:30Z,721,0.354,1.0831
7.8858,0,257,3.2966,54,193,502.6152,16.5,33.8889,,,0,0,0,2017-10-02T05:37:31Z,722,0.354,1.083
8.2077,0,266,3.2988,54,193,502.92,16.7,33.8889,,,0,0,0,2017-10-02T05:37:32Z,723,0.354,1.083
8.2077,0,241,3.3011,53,193,503.2248,16,33.8889,,,0,0,0,2017-10-02T05:37:33Z,724,0.354,1.0829
8.3686,0,240,3.3034,55,193,503.8344,14.6,33.8889,,,0,0,0,2017-10-02T05:37:34Z,725,0.354,1.0829
8.3686,0,215,3.3058,54,193,503.8344,13.6,33.8889,,,0,0,0,2017-10-02T05:37:35Z,726,0.354,1.0828
8.2077,0,210,3.3081,53,193,504.444,12.8,33.8889,,,0,0,0,2017-10-02T05:37:36Z,727,0.354,1.0828
8.3686,0,205,3.3104,55,193,504.7488,12.1,33.8889,,,0,0,0,2017-10-02T05:37:37Z,728,0.354,1.0828
8.3686,0,204,3.3127,55,193,505.0536,11.8,33.8889,,,0,0,0,2017-10-02T05:37:38Z,729,0.354,1.0827
8.3686,0,230,3.315,54,193,505.6632,11.8,33.8889,,,0,0,0,2017-10-02T05:37:39Z,730,0.354,1.0826
8.3686,0,232,3.3173,56,194,505.968,12.1,33.8889,,,0,0,0,2017-10-02T05:37:40Z,731,0.354,1.0826
8.5295,0,233,3.3197,56,194,506.2728,12.5,33.8889,,,0,0,0,2017-10-02T05:37:41Z,732,0.354,1.0826
8.3686,0,268,3.322,53,193,506.8824,13.1,33.8889,,,0,0,0,2017-10-02T05:37:42Z,733,0.354,1.0825
7.8858,0,225,3.3242,52,194,507.1872,13.4,33.8889,,,0,0,0,2017-10-02T05:37:43Z,734,0.354,1.0825
7.8858,0,220,3.3264,52,193,507.492,13.3,33.8889,,,0,0,0,2017-10-02T05:37:44Z,735,0.354,1.0824
8.0467,0,208,3.3287,54,194,507.7968,13.2,33.8889,,,0,0,0,2017-10-02T05:37:45Z,736,0.354,1.0824
7.7249,0,195,3.3308,55,194,508.1016,12.8,33.8889,,,0,0,0,2017-10-02T05:37:46Z,737,0.354,1.0823
8.3686,0,257,3.3331,54,194,508.4064,12.6,33.8889,,,0,0,0,2017-10-02T05:37:47Z,738,0.354,1.0823
8.3686,0,239,3.3355,55,193,508.4064,12.8,33.8889,,,0,0,0,2017-10-02T05:37:48Z,739,0.354,1.0822
8.3686,0,229,3.3378,53,194,508.7112,12.9,33.8889,,,0,0,0,2017-10-02T05:37:49Z,740,0.354,1.0822
8.2077,0,265,3.3401,52,194,509.016,13.4,33.8889,,,0,0,0,2017-10-02T05:37:50Z,741,0.354,1.0821
8.0467,0,298,3.3423,52,194,509.6256,14.1,33.8889,,,0,0,0,2017-10-02T05:37:51Z,742,0.354,1.0821
8.2077,0,275,3.3446,54,194,509.9304,14.4,33.8889,,,0,0,0,2017-10-02T05:37:52Z,743,0.354,1.082
8.3686,0,266,3.3469,55,194,510.2352,14.9,33.8889,,,0,0,0,2017-10-02T05:37:53Z,744,0.354,1.082
8.2077,0,253,3.3492,54,194,510.54,15,33.8889,,,0,0,0,2017-10-02T05:37:54Z,745,0.354,1.0819
8.3686,0,273,3.3515,55,194,510.8448,14.6,33.8889,,,0,0,0,2017-10-02T05:37:55Z,746,0.354,1.0819
8.5295,0,281,3.3539,56,194,511.4544,14.7,33.8889,,,0,0,0,2017-10-02T05:37:56Z,747,0.354,1.0819
8.6905,0,259,3.3563,57,194,511.7592,14.4,33.8889,,,0,0,0,2017-10-02T05:37:57Z,748,0.354,1.0819
8.6905,0,296,3.3587,55,195,512.064,14.5,33.8889,,,0,0,0,2017-10-02T05:37:58Z,749,0.354,1.0818
8.3686,0,284,3.361,57,194,512.3688,14.6,33.8889,,,0,0,0,2017-10-02T05:37:59Z,750,0.354,1.0817
8.8514,0,279,3.3635,59,195,512.6736,14.2,33.8889,,,0,0,0,2017-10-02T05:38:00Z,751,0.354,1.0817
9.1733,0,303,3.366,61,195,512.9784,14.7,33.8889,,,0,0,0,2017-10-02T05:38:01Z,752,0.354,1.0817
9.3342,0,273,3.3686,65,195,513.2832,14.2,33.8889,,,0,0,0,2017-10-02T05:38:02Z,753,0.354,1.0816
9.9779,0,273,3.3714,66,195,513.588,13.3,33.8889,,,0,0,0,2017-10-02T05:38:03Z,754,0.354,1.0816
10.2998,0,303,3.3743,69,195,514.1976,13,33.8889,,,0,0,0,2017-10-02T05:38:04Z,755,0.354,1.0815
10.7826,0,292,3.3773,71,195,514.5024,12.1,33.8889,,,0,0,0,2017-10-02T05:38:05Z,756,0.354,1.0815
10.9435,0,299,3.3803,70,195,514.8072,12.1,33.8889,,,0,0,0,2017-10-02T05:38:06Z,757,0.354,1.0814
10.6217,0,295,3.3832,68,195,515.112,12.5,33.8889,,,0,0,0,2017-10-02T05:38:07Z,758,0.354,1.0814
10.4607,0,321,3.3861,66,195,515.4168,13.2,33.8889,,,0,0,0,2017-10-02T05:38:08Z,759,0.354,1.0813
10.1389,0,321,3.389,68,195,516.0264,14.1,33.8889,,,0,0,0,2017-10-02T05:38:09Z,760,0.354,1.0813
10.6217,0,292,3.3919,70,195,516.3312,14.1,33.8889,,,0,0,0,2017-10-02T05:38:10Z,761,0.354,1.0813
10.7826,0,287,3.3949,72,195,516.9408,13.6,33.8889,,,0,0,0,2017-10-02T05:38:11Z,762,0.354,1.0812
10.9435,0,280,3.398,70,196,517.2456,12.8,33.8889,,,0,0,0,2017-10-02T05:38:12Z,763,0.354,1.0811
10.7826,0,285,3.4009,71,196,517.8552,12.3,33.8889,,,0,0,0,2017-10-02T05:38:13Z,764,0.354,1.0811
10.7826,0,276,3.4039,71,196,518.4648,12.1,33.8889,,,0,0,0,2017-10-02T05:38:14Z,765,0.354,1.0811
10.7826,0,280,3.4069,72,196,518.4648,12,33.8889,,,0,0,0,2017-10-02T05:38:15Z,766,0.354,1.081
11.1045,0,276,3.41,73,196,519.0744,11.8,33.8889,,,0,0,0,2017-10-02T05:38:16Z,767,0.354,1.081
11.2654,0,274,3.4132,75,196,519.0744,11.2,33.8889,,,0,0,0,2017-10-02T05:38:17Z,768,0.354,1.0809
11.4263,0,235,3.4163,72,196,519.684,10.7,33.8889,,,0,0,0,2017-10-02T05:38:18Z,769,0.354,1.0809
10.9435,0,271,3.4194,69,196,519.9888,10.7,33.8889,,,0,0,0,2017-10-02T05:38:19Z,770,0.354,1.0808
10.6217,0,287,3.4223,71,196,520.2936,11,33.8889,,,0,0,0,2017-10-02T05:38:20Z,771,0.354,1.0807
10.9435,0,252,3.4254,73,196,520.5984,10.9,33.8889,,,0,0,0,2017-10-02T05:38:21Z,772,0.354,1.0807
11.1045,0,208,3.4284,71,197,520.9032,10.6,33.8889,,,0,0,0,2017-10-02T05:38:22Z,773,0.354,1.0806
10.9435,0,227,3.4315,70,196,520.9032,10.2,33.8889,,,0,0,0,2017-10-02T05:38:23Z,774,0.354,1.0806
10.7826,0,228,3.4345,70,196,521.208,9.7,33.8889,,,0,0,0,2017-10-02T05:38:24Z,775,0.354,1.0805
10.7826,0,235,3.4375,72,196,521.208,9.5,33.8889,,,0,0,0,2017-10-02T05:38:25Z,776,0.354,1.0805
10.9435,0,225,3.4405,72,196,521.208,9.8,33.8889,,,0,0,0,2017-10-02T05:38:26Z,777,0.354,1.0804
10.7826,0,206,3.4435,75,196,521.208,9.5,33.8889,,,0,0,0,2017-10-02T05:38:27Z,778,0.354,1.0804
11.2654,0,190,3.4466,78,196,521.5128,8.7,33.8889,,,0,0,0,2017-10-02T05:38:28Z,779,0.354,1.0804
11.7482,0,160,3.4499,74,196,521.5128,8,33.8889,,,0,0,0,2017-10-02T05:38:29Z,780,0.354,1.0803
11.2654,0,216,3.453,70,196,521.8176,7.6,33.8889,,,0,0,0,2017-10-02T05:38:30Z,781,0.354,1.0803
11.2654,0,255,3.4562,86,196,521.8176,7.3,33.8889,,,0,0,0,2017-10-02T05:38:31Z,782,0.354,1.0803
12.8748,0,178,3.4597,92,196,521.5128,6.9,33.8889,,,0,0,0,2017-10-02T05:38:32Z,783,0.354,1.0802
14.3232,0,184,3.4637,99,196,521.5128,6.2,33.8889,,,0,0,0,2017-10-02T05:38:33Z,784,0.354,1.0802
15.1278,0,89,3.4679,101,196,521.208,4.5,33.8889,,,0,0,0,2017-10-02T05:38:34Z,785,0.354,1.0802
15.4497,0,0,3.4722,88,196,520.9032,2.5,33.8889,,,0,0,0,2017-10-02T05:38:35Z,786,0.354,1.0802
15.2888,0,0,3.4765,58,196,520.9032,1.5,33.8889,,,0,0,0,2017-10-02T05:38:36Z,787,0.354,1.0802
14.3232,0,0,3.4804,39,196,520.9032,1.1,33.8889,,,0,0,0,2017-10-02T05:38:37Z,788,0.354,1.0802
14.0013,0,0,3.4843,0,196,520.9032,0.7,33.8889,,,0,0,0,2017-10-02T05:38:38Z,789,0.354,1.0802
14.1622,0,0,3.4883,0,196,520.9032,0.4,33.8889,,,0,0,0,2017-10-02T05:38:39Z,790,0.354,1.0802
14.806,0,0,3.4924,0,195,520.5984,-0.8,33.8889,,,0,0,0,2017-10-02T05:38:40Z,791,0.354,1.0802
15.6106,0,0,3.4967,0,195,520.5984,-2.6,33.8889,,,0,0,0,2017-10-02T05:38:41Z,792,0.354,1.0802
13.3576,0,0,3.5004,0,195,520.2936,-3.7,33.8889,,,0,0,0,2017-10-02T05:38:42Z,793,0.354,1.0802
11.9091,0,0,3.5037,0,194,520.2936,-4.8,33.8889,,,0,0,0,2017-10-02T05:38:43Z,794,0.354,1.0803
9.817,0,0,3.5064,0,194,519.9888,-6,33.8889,,,0,0,0,2017-10-02T05:38:44Z,795,0.354,1.0803
8.0467,0,0,3.5087,0,193,519.9888,-6.1,33.8889,,,0,0,0,2017-10-02T05:38:45Z,796,0.354,1.0803
6.7592,0,0,3.5106,0,192,519.9888,-6.1,33.8889,,,0,0,0,2017-10-02T05:38:46Z,797,0.354,1.0803
5.9546,0,0,3.5122,0,191,519.9888,-6.1,33.8889,,,0,0,0,2017-10-02T05:38:47Z,798,0.354,1.0803
6.4374,0,0,3.514,0,190,519.9888,-6.1,33.8889,,,0,0,0,2017-10-02T05:38:48Z,799,0.354,1.0803
6.2764,0,0,3.5157,0,189,520.2936,-6.9,33.8889,,,0,0,0,2017-10-02T05:38:49Z,800,0.354,1.0803
5.4718,0,0,3.5173,0,189,520.2936,-7.7,33.8889,,,0,0,0,2017-10-02T05:38:50Z,801,0.354,1.0804
4.989,0,0,3.5187,0,188,520.5984,-8.2,33.8889,,,0,0,0,2017-10-02T05:38:51Z,802,0.354,1.0804
4.989,0,0,3.52,0,187,520.5984,-8.3,33.8889,,,0,0,0,2017-10-02T05:38:52Z,803,0.354,1.0804
5.7936,0,0,3.5216,0,187,520.9032,-8.5,33.8889,,,0,0,0,2017-10-02T05:38:53Z,804,0.354,1.0804
5.9546,0,0,3.5233,0,186,520.9032,-8.8,33.8889,,,0,0,0,2017-10-02T05:38:54Z,805,0.354,1.0804
5.7936,8.1759,0,3.5249,0,186,520.9032,-8.3,33.8889,,,0,0,0,2017-10-02T05:38:55Z,806,0.354,1.0804
6.7592,13.6808,66,3.5268,46,186,520.9032,-7.3,33.8889,,,0,0,0,2017-10-02T05:38:56Z,807,0.354,1.0804
7.242,11.5626,101,3.5288,46,186,521.208,-5.3,33.8889,,,0,0,0,2017-10-02T05:38:57Z,808,0.354,1.0804
7.0811,13.6811,107,3.5308,45,185,521.208,-3.3,33.8889,,,0,0,0,2017-10-02T05:38:58Z,809,0.354,1.0804
6.9202,9.6742,116,3.5327,43,185,521.5128,-1.3,33.8889,,,0,0,0,2017-10-02T05:38:59Z,810,0.354,1.0803
6.7592,7.313,97,3.5346,43,185,521.5128,0.7,33.8889,,,0,0,0,2017-10-02T05:39:00Z,811,0.354,1.0803
6.9202,5.1712,70,3.5365,46,185,521.5128,2.1,33.8889,,,0,0,0,2017-10-02T05:39:01Z,812,0.354,1.0803
7.0811,7.3131,61,3.5385,46,184,521.5128,2.9,33.8889,,,0,0,0,2017-10-02T05:39:02Z,813,0.354,1.0803
6.9202,5.1712,81,3.5404,44,183,521.8176,3.7,33.8889,,,0,0,0,2017-10-02T05:39:03Z,814,0.354,1.0803
6.7592,3.6566,81,3.5423,45,183,521.8176,4,33.8889,,,0,0,0,2017-10-02T05:39:04Z,815,0.354,1.0803
6.9202,13.1841,86,3.5442,45,182,522.1224,4.4,33.8889,,,0,0,0,2017-10-02T05:39:05Z,816,0.354,1.0802
6.9202,15.9389,111,3.5461,45,182,521.8176,5.2,33.8889,,,0,0,0,2017-10-02T05:39:06Z,817,0.354,1.0802
7.0811,12.1279,108,3.5481,46,182,521.8176,5.5,33.8889,,,0,0,0,2017-10-02T05:39:07Z,818,0.354,1.0802
7.0811,13.6821,108,3.55,47,182,521.5128,5.8,33.8889,,,0,0,0,2017-10-02T05:39:08Z,819,0.354,1.0802
7.242,12.6671,101,3.552,47,182,521.5128,6.1,33.8889,,,0,0,0,2017-10-02T05:39:09Z,820,0.354,1.0802
7.0811,15.514,86,3.554,46,182,521.5128,5.8,33.8889,,,0,0,0,2017-10-02T05:39:10Z,821,0.354,1.0802
7.0811,19.6922,86,3.556,45,182,521.5128,5.3,33.8889,,,0,0,0,2017-10-02T05:39:11Z,822,0.354,1.0802
7.0811,19.0011,74,3.5579,50,182,521.208,4.6,33.8889,,,0,0,0,2017-10-02T05:39:12Z,823,0.354,1.0802
7.5639,20.6861,57,3.56,56,182,520.9032,3.5,33.8889,,,0,0,0,2017-10-02T05:39:13Z,824,0.354,1.0801
8.5295,18.6459,0,3.5624,56,182,520.9032,2.1,33.8889,,,0,0,0,2017-10-02T05:39:14Z,825,0.354,1.0802
9.1733,14.1626,0,3.565,0,181,520.9032,0.5,33.8889,,,0,0,0,2017-10-02T05:39:15Z,826,0.354,1.0802
9.1733,16.7571,0,3.5675,0,181,520.9032,-0.9,33.8889,,,0,0,0,2017-10-02T05:39:16Z,827,0.354,1.0802
9.4951,15.514,0,3.5702,0,181,520.9032,-1.7,33.8889,,,0,0,0,2017-10-02T05:39:17Z,828,0.354,1.0802
9.4951,21.6333,0,3.5728,0,181,520.5984,-2,33.8889,,,0,0,0,2017-10-02T05:39:18Z,829,0.354,1.0802
9.3342,15.9391,0,3.5754,0,181,520.2936,-1.5,33.8889,,,0,0,0,2017-10-02T05:39:19Z,830,0.354,1.0802
9.0123,9.6745,0,3.5779,0,180,520.2936,-1.2,33.8889,,,0,0,0,2017-10-02T05:39:20Z,831,0.354,1.0802
9.3342,16.3526,0,3.5805,0,180,519.9888,-1.5,33.8889,,,0,0,0,2017-10-02T05:39:21Z,832,0.354,1.0803
9.6561,17.5362,0,3.5832,0,180,519.684,-1.9,33.8889,,,0,0,0,2017-10-02T05:39:22Z,833,0.354,1.0803
9.6561,14.1618,0,3.5858,0,180,519.3792,-3.2,33.8889,,,0,0,0,2017-10-02T05:39:23Z,834,0.354,1.0803
9.3342,10.3423,0,3.5884,0,180,519.3792,-4.3,33.8889,,,0,0,0,2017-10-02T05:39:24Z,835,0.354,1.0803
9.0123,11.563,0,3.5909,0,180,519.0744,-4.8,33.8889,,,0,0,0,2017-10-02T05:39:25Z,836,0.354,1.0803
9.1733,16.3523,0,3.5935,0,179,518.7696,-5.6,33.8889,,,0,0,0,2017-10-02T05:39:26Z,837,0.354,1.0803
10.1389,12.6662,0,3.5963,0,179,518.7696,-6.5,33.8889,,,0,0,0,2017-10-02T05:39:27Z,838,0.354,1.0804
9.4951,8.176,0,3.5989,0,178,518.7696,-7,33.8889,,,0,0,0,2017-10-02T05:39:28Z,839,0.354,1.0804
8.5295,9.6738,0,3.6013,0,177,518.7696,-7.7,33.8889,,,0,0,0,2017-10-02T05:39:29Z,840,0.354,1.0804
7.8858,10.9689,0,3.6035,0,176,518.7696,-8.4,33.8889,,,0,0,0,2017-10-02T05:39:30Z,841,0.354,1.0804
7.7249,12.1263,0,3.6056,0,175,518.7696,-9,33.8889,,,0,0,0,2017-10-02T05:39:31Z,842,0.354,1.0805
7.0811,0,0,3.6076,0,174,518.7696,-10.5,33.8889,,,0,0,0,2017-10-02T05:39:32Z,843,0.354,1.0805
6.2764,0,0,3.6094,0,174,518.7696,-12.5,33.8889,,,0,0,0,2017-10-02T05:39:33Z,844,0.354,1.0805
0,0,0,3.6094,0.001,172,518.7696,-14.5,33.8889,,,0,0,0,2017-10-02T05:39:34Z,845,0.354,1.0806
